time,temperature,voltage,current,chemistry,dataset
0.0,25.122,4.1479,1.462,NMC-LMO,SNL_NMC-LMO_85SOC_a
1.0,25.411,4.1458,1.565,NMC-LMO,SNL_NMC-LMO_85SOC_a
2.0,25.121,4.1488,1.501,NMC-LMO,SNL_NMC-LMO_85SOC_a
3.0,24.764,4.1509,1.461,NMC-LMO,SNL_NMC-LMO_85SOC_a
4.0,25.166,4.1511,1.477,NMC-LMO,SNL_NMC-LMO_85SOC_a
5.0,24.831,4.1492,1.548,NMC-LMO,SNL_NMC-LMO_85SOC_a
6.0,25.561,4.1481,1.509,NMC-LMO,SNL_NMC-LMO_85SOC_a
7.0,24.973,4.1503,1.508,NMC-LMO,SNL_NMC-LMO_85SOC_a
8.0,25.109,4.1469,1.473,NMC-LMO,SNL_NMC-LMO_85SOC_a
9.0,25.461,4.1481,1.478,NMC-LMO,SNL_NMC-LMO_85SOC_a
10.0,26.207,4.1462,1.526,NMC-LMO,SNL_NMC-LMO_85SOC_a
11.0,25.059,4.1479,1.444,NMC-LMO,SNL_NMC-LMO_85SOC_a
12.0,25.374,4.1447,1.541,NMC-LMO,SNL_NMC-LMO_85SOC_a
13.0,25.715,4.1476,1.473,NMC-LMO,SNL_NMC-LMO_85SOC_a
14.0,25.224,4.1463,1.494,NMC-LMO,SNL_NMC-LMO_85SOC_a
15.0,25.612,4.1472,1.489,NMC-LMO,SNL_NMC-LMO_85SOC_a
16.0,25.832,4.1453,1.486,NMC-LMO,SNL_NMC-LMO_85SOC_a
17.0,25.848,4.142,1.516,NMC-LMO,SNL_NMC-LMO_85SOC_a
18.0,25.442,4.1433,1.514,NMC-LMO,SNL_NMC-LMO_85SOC_a
19.0,26.263,4.1426,1.452,NMC-LMO,SNL_NMC-LMO_85SOC_a
20.0,25.027,4.1433,1.492,NMC-LMO,SNL_NMC-LMO_85SOC_a
21.0,25.969,4.1451,1.46,NMC-LMO,SNL_NMC-LMO_85SOC_a
22.0,25.631,4.1425,1.457,NMC-LMO,SNL_NMC-LMO_85SOC_a
23.0,25.728,4.1405,1.557,NMC-LMO,SNL_NMC-LMO_85SOC_a
24.0,25.472,4.1438,1.493,NMC-LMO,SNL_NMC-LMO_85SOC_a
25.0,26.151,4.1416,1.492,NMC-LMO,SNL_NMC-LMO_85SOC_a
26.0,26.16,4.1416,1.477,NMC-LMO,SNL_NMC-LMO_85SOC_a
27.0,25.68,4.1412,1.519,NMC-LMO,SNL_NMC-LMO_85SOC_a
28.0,25.502,4.1426,1.523,NMC-LMO,SNL_NMC-LMO_85SOC_a
29.0,26.02,4.1423,1.478,NMC-LMO,SNL_NMC-LMO_85SOC_a
30.0,26.316,4.1408,1.521,NMC-LMO,SNL_NMC-LMO_85SOC_a
31.0,26.053,4.1373,1.572,NMC-LMO,SNL_NMC-LMO_85SOC_a
32.0,25.591,4.1384,1.48,NMC-LMO,SNL_NMC-LMO_85SOC_a
33.0,25.793,4.1393,1.435,NMC-LMO,SNL_NMC-LMO_85SOC_a
34.0,26.047,4.1413,1.547,NMC-LMO,SNL_NMC-LMO_85SOC_a
35.0,26.143,4.1376,1.517,NMC-LMO,SNL_NMC-LMO_85SOC_a
36.0,26.596,4.1357,1.478,NMC-LMO,SNL_NMC-LMO_85SOC_a
37.0,26.39,4.1377,1.572,NMC-LMO,SNL_NMC-LMO_85SOC_a
38.0,26.359,4.1375,1.488,NMC-LMO,SNL_NMC-LMO_85SOC_a
39.0,26.374,4.1415,1.512,NMC-LMO,SNL_NMC-LMO_85SOC_a
40.0,25.991,4.1384,1.489,NMC-LMO,SNL_NMC-LMO_85SOC_a
41.0,26.979,4.1394,1.482,NMC-LMO,SNL_NMC-LMO_85SOC_a
42.0,27.055,4.135,1.532,NMC-LMO,SNL_NMC-LMO_85SOC_a
43.0,26.134,4.1363,1.569,NMC-LMO,SNL_NMC-LMO_85SOC_a
44.0,26.794,4.1364,1.574,NMC-LMO,SNL_NMC-LMO_85SOC_a
45.0,26.169,4.1371,1.458,NMC-LMO,SNL_NMC-LMO_85SOC_a
46.0,27.409,4.142,1.479,NMC-LMO,SNL_NMC-LMO_85SOC_a
47.0,26.249,4.1316,1.487,NMC-LMO,SNL_NMC-LMO_85SOC_a
48.0,26.355,4.1348,1.531,NMC-LMO,SNL_NMC-LMO_85SOC_a
49.0,26.659,4.1374,1.492,NMC-LMO,SNL_NMC-LMO_85SOC_a
50.0,26.687,4.1329,1.584,NMC-LMO,SNL_NMC-LMO_85SOC_a
51.0,26.59,4.1346,1.412,NMC-LMO,SNL_NMC-LMO_85SOC_a
52.0,26.872,4.1364,1.525,NMC-LMO,SNL_NMC-LMO_85SOC_a
53.0,26.381,4.1322,1.536,NMC-LMO,SNL_NMC-LMO_85SOC_a
54.0,27.741,4.1322,1.458,NMC-LMO,SNL_NMC-LMO_85SOC_a
55.0,26.564,4.1354,1.481,NMC-LMO,SNL_NMC-LMO_85SOC_a
56.0,26.897,4.1331,1.533,NMC-LMO,SNL_NMC-LMO_85SOC_a
57.0,27.173,4.132,1.561,NMC-LMO,SNL_NMC-LMO_85SOC_a
58.0,26.519,4.1329,1.421,NMC-LMO,SNL_NMC-LMO_85SOC_a
59.0,27.129,4.1321,1.486,NMC-LMO,SNL_NMC-LMO_85SOC_a
60.0,27.622,4.1324,1.521,NMC-LMO,SNL_NMC-LMO_85SOC_a
61.0,27.578,4.1326,1.423,NMC-LMO,SNL_NMC-LMO_85SOC_a
62.0,27.243,4.129,1.568,NMC-LMO,SNL_NMC-LMO_85SOC_a
63.0,27.865,4.1345,1.509,NMC-LMO,SNL_NMC-LMO_85SOC_a
64.0,27.087,4.1337,1.555,NMC-LMO,SNL_NMC-LMO_85SOC_a
65.0,26.917,4.1318,1.52,NMC-LMO,SNL_NMC-LMO_85SOC_a
66.0,27.308,4.1299,1.483,NMC-LMO,SNL_NMC-LMO_85SOC_a
67.0,27.908,4.1301,1.468,NMC-LMO,SNL_NMC-LMO_85SOC_a
68.0,26.56,4.1295,1.542,NMC-LMO,SNL_NMC-LMO_85SOC_a
69.0,26.927,4.1275,1.517,NMC-LMO,SNL_NMC-LMO_85SOC_a
70.0,27.816,4.1263,1.498,NMC-LMO,SNL_NMC-LMO_85SOC_a
71.0,27.291,4.128,1.45,NMC-LMO,SNL_NMC-LMO_85SOC_a
72.0,27.735,4.1311,1.508,NMC-LMO,SNL_NMC-LMO_85SOC_a
73.0,27.277,4.1277,1.488,NMC-LMO,SNL_NMC-LMO_85SOC_a
74.0,27.661,4.1256,1.495,NMC-LMO,SNL_NMC-LMO_85SOC_a
75.0,27.716,4.1325,1.406,NMC-LMO,SNL_NMC-LMO_85SOC_a
76.0,27.319,4.1266,1.573,NMC-LMO,SNL_NMC-LMO_85SOC_a
77.0,27.459,4.1275,1.44,NMC-LMO,SNL_NMC-LMO_85SOC_a
78.0,27.438,4.1253,1.607,NMC-LMO,SNL_NMC-LMO_85SOC_a
79.0,27.7,4.1242,1.526,NMC-LMO,SNL_NMC-LMO_85SOC_a
80.0,27.449,4.1258,1.588,NMC-LMO,SNL_NMC-LMO_85SOC_a
81.0,27.248,4.13,1.564,NMC-LMO,SNL_NMC-LMO_85SOC_a
82.0,27.431,4.1291,1.355,NMC-LMO,SNL_NMC-LMO_85SOC_a
83.0,27.436,4.1244,1.483,NMC-LMO,SNL_NMC-LMO_85SOC_a
84.0,28.631,4.1228,1.512,NMC-LMO,SNL_NMC-LMO_85SOC_a
85.0,28.286,4.1254,1.519,NMC-LMO,SNL_NMC-LMO_85SOC_a
86.0,27.956,4.1215,1.512,NMC-LMO,SNL_NMC-LMO_85SOC_a
87.0,27.938,4.1244,1.528,NMC-LMO,SNL_NMC-LMO_85SOC_a
88.0,28.269,4.1256,1.492,NMC-LMO,SNL_NMC-LMO_85SOC_a
89.0,28.256,4.1234,1.5,NMC-LMO,SNL_NMC-LMO_85SOC_a
90.0,27.861,4.1236,1.505,NMC-LMO,SNL_NMC-LMO_85SOC_a
91.0,29.022,4.1258,1.481,NMC-LMO,SNL_NMC-LMO_85SOC_a
92.0,27.915,4.1202,1.44,NMC-LMO,SNL_NMC-LMO_85SOC_a
93.0,28.36,4.1231,1.587,NMC-LMO,SNL_NMC-LMO_85SOC_a
94.0,28.661,4.1227,1.556,NMC-LMO,SNL_NMC-LMO_85SOC_a
95.0,28.136,4.122,1.497,NMC-LMO,SNL_NMC-LMO_85SOC_a
96.0,28.243,4.121,1.513,NMC-LMO,SNL_NMC-LMO_85SOC_a
97.0,28.456,4.1238,1.628,NMC-LMO,SNL_NMC-LMO_85SOC_a
98.0,28.335,4.121,1.485,NMC-LMO,SNL_NMC-LMO_85SOC_a
99.0,28.316,4.1168,1.484,NMC-LMO,SNL_NMC-LMO_85SOC_a
100.0,29.191,4.1169,1.457,NMC-LMO,SNL_NMC-LMO_85SOC_a
101.0,28.404,4.1196,1.553,NMC-LMO,SNL_NMC-LMO_85SOC_a
102.0,28.436,4.122,1.471,NMC-LMO,SNL_NMC-LMO_85SOC_a
103.0,29.298,4.1215,1.478,NMC-LMO,SNL_NMC-LMO_85SOC_a
104.0,29.338,4.1197,1.459,NMC-LMO,SNL_NMC-LMO_85SOC_a
105.0,28.556,4.1186,1.535,NMC-LMO,SNL_NMC-LMO_85SOC_a
106.0,29.106,4.1158,1.461,NMC-LMO,SNL_NMC-LMO_85SOC_a
107.0,28.669,4.1202,1.462,NMC-LMO,SNL_NMC-LMO_85SOC_a
108.0,29.508,4.1191,1.579,NMC-LMO,SNL_NMC-LMO_85SOC_a
109.0,28.788,4.115,1.526,NMC-LMO,SNL_NMC-LMO_85SOC_a
110.0,29.454,4.1183,1.535,NMC-LMO,SNL_NMC-LMO_85SOC_a
111.0,28.48,4.1168,1.561,NMC-LMO,SNL_NMC-LMO_85SOC_a
112.0,28.652,4.117,1.442,NMC-LMO,SNL_NMC-LMO_85SOC_a
113.0,29.199,4.1115,1.485,NMC-LMO,SNL_NMC-LMO_85SOC_a
114.0,29.019,4.1166,1.419,NMC-LMO,SNL_NMC-LMO_85SOC_a
115.0,28.2,4.1143,1.47,NMC-LMO,SNL_NMC-LMO_85SOC_a
116.0,28.427,4.1182,1.482,NMC-LMO,SNL_NMC-LMO_85SOC_a
117.0,29.434,4.1138,1.459,NMC-LMO,SNL_NMC-LMO_85SOC_a
118.0,29.557,4.1151,1.488,NMC-LMO,SNL_NMC-LMO_85SOC_a
119.0,29.273,4.1126,1.507,NMC-LMO,SNL_NMC-LMO_85SOC_a
120.0,29.139,4.1148,1.45,NMC-LMO,SNL_NMC-LMO_85SOC_a
121.0,28.812,4.1134,1.426,NMC-LMO,SNL_NMC-LMO_85SOC_a
122.0,28.973,4.1118,1.49,NMC-LMO,SNL_NMC-LMO_85SOC_a
123.0,29.643,4.1131,1.434,NMC-LMO,SNL_NMC-LMO_85SOC_a
124.0,29.683,4.1145,1.472,NMC-LMO,SNL_NMC-LMO_85SOC_a
125.0,30.306,4.1121,1.6,NMC-LMO,SNL_NMC-LMO_85SOC_a
126.0,30.052,4.1113,1.495,NMC-LMO,SNL_NMC-LMO_85SOC_a
127.0,29.969,4.1087,1.563,NMC-LMO,SNL_NMC-LMO_85SOC_a
128.0,28.839,4.11,1.478,NMC-LMO,SNL_NMC-LMO_85SOC_a
129.0,29.725,4.1119,1.571,NMC-LMO,SNL_NMC-LMO_85SOC_a
130.0,28.626,4.1111,1.524,NMC-LMO,SNL_NMC-LMO_85SOC_a
131.0,29.769,4.1121,1.493,NMC-LMO,SNL_NMC-LMO_85SOC_a
132.0,29.924,4.1109,1.473,NMC-LMO,SNL_NMC-LMO_85SOC_a
133.0,29.373,4.1097,1.49,NMC-LMO,SNL_NMC-LMO_85SOC_a
134.0,30.018,4.109,1.474,NMC-LMO,SNL_NMC-LMO_85SOC_a
135.0,29.619,4.1093,1.459,NMC-LMO,SNL_NMC-LMO_85SOC_a
136.0,28.963,4.1066,1.574,NMC-LMO,SNL_NMC-LMO_85SOC_a
137.0,28.862,4.1075,1.463,NMC-LMO,SNL_NMC-LMO_85SOC_a
138.0,29.716,4.109,1.446,NMC-LMO,SNL_NMC-LMO_85SOC_a
139.0,30.396,4.1082,1.432,NMC-LMO,SNL_NMC-LMO_85SOC_a
140.0,29.937,4.1063,1.53,NMC-LMO,SNL_NMC-LMO_85SOC_a
141.0,29.343,4.1059,1.518,NMC-LMO,SNL_NMC-LMO_85SOC_a
142.0,30.291,4.1108,1.569,NMC-LMO,SNL_NMC-LMO_85SOC_a
143.0,30.162,4.105,1.476,NMC-LMO,SNL_NMC-LMO_85SOC_a
144.0,29.988,4.1031,1.454,NMC-LMO,SNL_NMC-LMO_85SOC_a
145.0,29.833,4.1054,1.553,NMC-LMO,SNL_NMC-LMO_85SOC_a
146.0,29.848,4.1071,1.509,NMC-LMO,SNL_NMC-LMO_85SOC_a
147.0,30.276,4.1066,1.434,NMC-LMO,SNL_NMC-LMO_85SOC_a
148.0,30.043,4.1026,1.447,NMC-LMO,SNL_NMC-LMO_85SOC_a
149.0,30.082,4.1075,1.481,NMC-LMO,SNL_NMC-LMO_85SOC_a
150.0,30.198,4.1057,1.402,NMC-LMO,SNL_NMC-LMO_85SOC_a
151.0,31.116,4.1048,1.492,NMC-LMO,SNL_NMC-LMO_85SOC_a
152.0,30.75,4.1027,1.483,NMC-LMO,SNL_NMC-LMO_85SOC_a
153.0,30.345,4.1047,1.542,NMC-LMO,SNL_NMC-LMO_85SOC_a
154.0,29.754,4.0997,1.556,NMC-LMO,SNL_NMC-LMO_85SOC_a
155.0,30.242,4.1029,1.403,NMC-LMO,SNL_NMC-LMO_85SOC_a
156.0,30.902,4.1013,1.483,NMC-LMO,SNL_NMC-LMO_85SOC_a
157.0,30.332,4.1023,1.491,NMC-LMO,SNL_NMC-LMO_85SOC_a
158.0,30.778,4.1019,1.447,NMC-LMO,SNL_NMC-LMO_85SOC_a
159.0,30.108,4.1023,1.37,NMC-LMO,SNL_NMC-LMO_85SOC_a
160.0,30.689,4.1049,1.495,NMC-LMO,SNL_NMC-LMO_85SOC_a
161.0,30.867,4.1016,1.509,NMC-LMO,SNL_NMC-LMO_85SOC_a
162.0,30.358,4.1023,1.543,NMC-LMO,SNL_NMC-LMO_85SOC_a
163.0,30.971,4.1033,1.482,NMC-LMO,SNL_NMC-LMO_85SOC_a
164.0,30.626,4.1017,1.515,NMC-LMO,SNL_NMC-LMO_85SOC_a
165.0,31.149,4.0968,1.517,NMC-LMO,SNL_NMC-LMO_85SOC_a
166.0,30.014,4.0972,1.432,NMC-LMO,SNL_NMC-LMO_85SOC_a
167.0,31.203,4.0985,1.575,NMC-LMO,SNL_NMC-LMO_85SOC_a
168.0,29.694,4.0985,1.379,NMC-LMO,SNL_NMC-LMO_85SOC_a
169.0,31.089,4.0982,1.477,NMC-LMO,SNL_NMC-LMO_85SOC_a
170.0,30.326,4.0984,1.495,NMC-LMO,SNL_NMC-LMO_85SOC_a
171.0,30.951,4.1003,1.483,NMC-LMO,SNL_NMC-LMO_85SOC_a
172.0,31.287,4.097,1.455,NMC-LMO,SNL_NMC-LMO_85SOC_a
173.0,31.707,4.0962,1.544,NMC-LMO,SNL_NMC-LMO_85SOC_a
174.0,31.624,4.0974,1.43,NMC-LMO,SNL_NMC-LMO_85SOC_a
175.0,30.948,4.1004,1.493,NMC-LMO,SNL_NMC-LMO_85SOC_a
176.0,31.263,4.1003,1.518,NMC-LMO,SNL_NMC-LMO_85SOC_a
177.0,30.819,4.096,1.477,NMC-LMO,SNL_NMC-LMO_85SOC_a
178.0,30.604,4.0979,1.527,NMC-LMO,SNL_NMC-LMO_85SOC_a
179.0,31.724,4.0915,1.539,NMC-LMO,SNL_NMC-LMO_85SOC_a
180.0,30.625,4.0943,1.488,NMC-LMO,SNL_NMC-LMO_85SOC_a
181.0,31.263,4.0952,1.508,NMC-LMO,SNL_NMC-LMO_85SOC_a
182.0,31.451,4.0934,1.465,NMC-LMO,SNL_NMC-LMO_85SOC_a
183.0,31.67,4.0959,1.472,NMC-LMO,SNL_NMC-LMO_85SOC_a
184.0,31.559,4.0989,1.504,NMC-LMO,SNL_NMC-LMO_85SOC_a
185.0,31.352,4.093,1.552,NMC-LMO,SNL_NMC-LMO_85SOC_a
186.0,31.012,4.0924,1.504,NMC-LMO,SNL_NMC-LMO_85SOC_a
187.0,31.679,4.094,1.538,NMC-LMO,SNL_NMC-LMO_85SOC_a
188.0,31.94,4.0951,1.508,NMC-LMO,SNL_NMC-LMO_85SOC_a
189.0,31.354,4.0944,1.491,NMC-LMO,SNL_NMC-LMO_85SOC_a
190.0,31.071,4.0929,1.487,NMC-LMO,SNL_NMC-LMO_85SOC_a
191.0,31.325,4.0931,1.573,NMC-LMO,SNL_NMC-LMO_85SOC_a
192.0,32.254,4.0949,1.513,NMC-LMO,SNL_NMC-LMO_85SOC_a
193.0,31.9,4.0873,1.558,NMC-LMO,SNL_NMC-LMO_85SOC_a
194.0,31.672,4.0897,1.464,NMC-LMO,SNL_NMC-LMO_85SOC_a
195.0,32.624,4.0891,1.542,NMC-LMO,SNL_NMC-LMO_85SOC_a
196.0,31.954,4.0944,1.561,NMC-LMO,SNL_NMC-LMO_85SOC_a
197.0,31.995,4.0945,1.583,NMC-LMO,SNL_NMC-LMO_85SOC_a
198.0,31.418,4.0898,1.526,NMC-LMO,SNL_NMC-LMO_85SOC_a
199.0,32.29,4.0908,1.589,NMC-LMO,SNL_NMC-LMO_85SOC_a
200.0,32.206,4.0888,1.436,NMC-LMO,SNL_NMC-LMO_85SOC_a
201.0,31.784,4.0884,1.473,NMC-LMO,SNL_NMC-LMO_85SOC_a
202.0,32.375,4.0903,1.584,NMC-LMO,SNL_NMC-LMO_85SOC_a
203.0,32.32,4.087,1.488,NMC-LMO,SNL_NMC-LMO_85SOC_a
204.0,31.571,4.0897,1.54,NMC-LMO,SNL_NMC-LMO_85SOC_a
205.0,31.662,4.0899,1.488,NMC-LMO,SNL_NMC-LMO_85SOC_a
206.0,31.964,4.0911,1.522,NMC-LMO,SNL_NMC-LMO_85SOC_a
207.0,32.258,4.0884,1.531,NMC-LMO,SNL_NMC-LMO_85SOC_a
208.0,32.468,4.0865,1.521,NMC-LMO,SNL_NMC-LMO_85SOC_a
209.0,32.86,4.0852,1.621,NMC-LMO,SNL_NMC-LMO_85SOC_a
210.0,32.994,4.0921,1.52,NMC-LMO,SNL_NMC-LMO_85SOC_a
211.0,31.61,4.0861,1.514,NMC-LMO,SNL_NMC-LMO_85SOC_a
212.0,32.344,4.0842,1.471,NMC-LMO,SNL_NMC-LMO_85SOC_a
213.0,32.665,4.0831,1.465,NMC-LMO,SNL_NMC-LMO_85SOC_a
214.0,33.311,4.0861,1.517,NMC-LMO,SNL_NMC-LMO_85SOC_a
215.0,32.468,4.0867,1.587,NMC-LMO,SNL_NMC-LMO_85SOC_a
216.0,32.626,4.0844,1.408,NMC-LMO,SNL_NMC-LMO_85SOC_a
217.0,32.525,4.0882,1.555,NMC-LMO,SNL_NMC-LMO_85SOC_a
218.0,32.865,4.0852,1.543,NMC-LMO,SNL_NMC-LMO_85SOC_a
219.0,32.736,4.0867,1.516,NMC-LMO,SNL_NMC-LMO_85SOC_a
220.0,32.023,4.084,1.545,NMC-LMO,SNL_NMC-LMO_85SOC_a
221.0,32.598,4.0835,1.585,NMC-LMO,SNL_NMC-LMO_85SOC_a
222.0,32.124,4.0844,1.526,NMC-LMO,SNL_NMC-LMO_85SOC_a
223.0,31.779,4.0847,1.486,NMC-LMO,SNL_NMC-LMO_85SOC_a
224.0,32.554,4.0802,1.458,NMC-LMO,SNL_NMC-LMO_85SOC_a
225.0,33.015,4.0873,1.479,NMC-LMO,SNL_NMC-LMO_85SOC_a
226.0,33.065,4.0819,1.459,NMC-LMO,SNL_NMC-LMO_85SOC_a
227.0,33.195,4.0844,1.526,NMC-LMO,SNL_NMC-LMO_85SOC_a
228.0,32.806,4.0806,1.46,NMC-LMO,SNL_NMC-LMO_85SOC_a
229.0,33.614,4.0804,1.521,NMC-LMO,SNL_NMC-LMO_85SOC_a
230.0,33.176,4.0805,1.452,NMC-LMO,SNL_NMC-LMO_85SOC_a
231.0,32.184,4.079,1.539,NMC-LMO,SNL_NMC-LMO_85SOC_a
232.0,32.192,4.0785,1.546,NMC-LMO,SNL_NMC-LMO_85SOC_a
233.0,33.075,4.0823,1.512,NMC-LMO,SNL_NMC-LMO_85SOC_a
234.0,32.778,4.0797,1.448,NMC-LMO,SNL_NMC-LMO_85SOC_a
235.0,32.835,4.0777,1.472,NMC-LMO,SNL_NMC-LMO_85SOC_a
236.0,33.171,4.0805,1.501,NMC-LMO,SNL_NMC-LMO_85SOC_a
237.0,33.576,4.0768,1.501,NMC-LMO,SNL_NMC-LMO_85SOC_a
238.0,33.246,4.0762,1.578,NMC-LMO,SNL_NMC-LMO_85SOC_a
239.0,33.639,4.0776,1.551,NMC-LMO,SNL_NMC-LMO_85SOC_a
240.0,33.362,4.0803,1.614,NMC-LMO,SNL_NMC-LMO_85SOC_a
241.0,32.836,4.0759,1.427,NMC-LMO,SNL_NMC-LMO_85SOC_a
242.0,33.583,4.0789,1.557,NMC-LMO,SNL_NMC-LMO_85SOC_a
243.0,33.057,4.078,1.497,NMC-LMO,SNL_NMC-LMO_85SOC_a
244.0,33.759,4.0764,1.486,NMC-LMO,SNL_NMC-LMO_85SOC_a
245.0,33.638,4.0781,1.46,NMC-LMO,SNL_NMC-LMO_85SOC_a
246.0,32.962,4.0717,1.45,NMC-LMO,SNL_NMC-LMO_85SOC_a
247.0,34.12,4.0739,1.593,NMC-LMO,SNL_NMC-LMO_85SOC_a
248.0,33.72,4.0775,1.41,NMC-LMO,SNL_NMC-LMO_85SOC_a
249.0,33.922,4.0746,1.545,NMC-LMO,SNL_NMC-LMO_85SOC_a
250.0,33.755,4.0744,1.551,NMC-LMO,SNL_NMC-LMO_85SOC_a
251.0,34.605,4.0783,1.443,NMC-LMO,SNL_NMC-LMO_85SOC_a
252.0,33.452,4.0761,1.468,NMC-LMO,SNL_NMC-LMO_85SOC_a
253.0,34.032,4.0766,1.468,NMC-LMO,SNL_NMC-LMO_85SOC_a
254.0,34.186,4.0751,1.483,NMC-LMO,SNL_NMC-LMO_85SOC_a
255.0,33.212,4.0737,1.528,NMC-LMO,SNL_NMC-LMO_85SOC_a
256.0,33.448,4.0766,1.414,NMC-LMO,SNL_NMC-LMO_85SOC_a
257.0,34.539,4.0734,1.432,NMC-LMO,SNL_NMC-LMO_85SOC_a
258.0,34.035,4.073,1.555,NMC-LMO,SNL_NMC-LMO_85SOC_a
259.0,34.224,4.0724,1.565,NMC-LMO,SNL_NMC-LMO_85SOC_a
260.0,34.08,4.0718,1.41,NMC-LMO,SNL_NMC-LMO_85SOC_a
261.0,34.493,4.0717,1.488,NMC-LMO,SNL_NMC-LMO_85SOC_a
262.0,34.188,4.071,1.554,NMC-LMO,SNL_NMC-LMO_85SOC_a
263.0,34.145,4.0696,1.563,NMC-LMO,SNL_NMC-LMO_85SOC_a
264.0,34.444,4.0716,1.589,NMC-LMO,SNL_NMC-LMO_85SOC_a
265.0,34.226,4.0725,1.447,NMC-LMO,SNL_NMC-LMO_85SOC_a
266.0,34.72,4.0703,1.542,NMC-LMO,SNL_NMC-LMO_85SOC_a
267.0,33.912,4.0706,1.481,NMC-LMO,SNL_NMC-LMO_85SOC_a
268.0,34.895,4.0718,1.507,NMC-LMO,SNL_NMC-LMO_85SOC_a
269.0,33.917,4.0687,1.489,NMC-LMO,SNL_NMC-LMO_85SOC_a
270.0,34.369,4.0678,1.487,NMC-LMO,SNL_NMC-LMO_85SOC_a
271.0,34.283,4.0674,1.484,NMC-LMO,SNL_NMC-LMO_85SOC_a
272.0,34.359,4.0689,1.486,NMC-LMO,SNL_NMC-LMO_85SOC_a
273.0,34.099,4.0671,1.428,NMC-LMO,SNL_NMC-LMO_85SOC_a
274.0,34.125,4.0636,1.593,NMC-LMO,SNL_NMC-LMO_85SOC_a
275.0,34.637,4.0676,1.506,NMC-LMO,SNL_NMC-LMO_85SOC_a
276.0,35.146,4.0619,1.48,NMC-LMO,SNL_NMC-LMO_85SOC_a
277.0,35.32,4.0646,1.519,NMC-LMO,SNL_NMC-LMO_85SOC_a
278.0,34.429,4.0648,1.516,NMC-LMO,SNL_NMC-LMO_85SOC_a
279.0,35.336,4.07,1.517,NMC-LMO,SNL_NMC-LMO_85SOC_a
280.0,35.562,4.0661,1.412,NMC-LMO,SNL_NMC-LMO_85SOC_a
281.0,34.798,4.066,1.482,NMC-LMO,SNL_NMC-LMO_85SOC_a
282.0,36.142,4.0671,1.535,NMC-LMO,SNL_NMC-LMO_85SOC_a
283.0,35.293,4.0644,1.524,NMC-LMO,SNL_NMC-LMO_85SOC_a
284.0,35.303,4.0649,1.486,NMC-LMO,SNL_NMC-LMO_85SOC_a
285.0,34.981,4.0652,1.479,NMC-LMO,SNL_NMC-LMO_85SOC_a
286.0,34.235,4.0655,1.549,NMC-LMO,SNL_NMC-LMO_85SOC_a
287.0,34.468,4.0638,1.496,NMC-LMO,SNL_NMC-LMO_85SOC_a
288.0,34.803,4.0653,1.567,NMC-LMO,SNL_NMC-LMO_85SOC_a
289.0,34.952,4.0621,1.502,NMC-LMO,SNL_NMC-LMO_85SOC_a
290.0,35.262,4.061,1.464,NMC-LMO,SNL_NMC-LMO_85SOC_a
291.0,35.21,4.0589,1.598,NMC-LMO,SNL_NMC-LMO_85SOC_a
292.0,35.215,4.062,1.505,NMC-LMO,SNL_NMC-LMO_85SOC_a
293.0,35.244,4.0626,1.453,NMC-LMO,SNL_NMC-LMO_85SOC_a
294.0,34.846,4.0595,1.555,NMC-LMO,SNL_NMC-LMO_85SOC_a
295.0,35.441,4.064,1.522,NMC-LMO,SNL_NMC-LMO_85SOC_a
296.0,34.359,4.0578,1.542,NMC-LMO,SNL_NMC-LMO_85SOC_a
297.0,35.172,4.0601,1.498,NMC-LMO,SNL_NMC-LMO_85SOC_a
298.0,35.305,4.0627,1.534,NMC-LMO,SNL_NMC-LMO_85SOC_a
299.0,35.12,4.0613,1.577,NMC-LMO,SNL_NMC-LMO_85SOC_a
300.0,35.656,4.0602,1.507,NMC-LMO,SNL_NMC-LMO_85SOC_a
301.0,36.17,4.0585,1.397,NMC-LMO,SNL_NMC-LMO_85SOC_a
302.0,35.48,4.0568,1.497,NMC-LMO,SNL_NMC-LMO_85SOC_a
303.0,35.175,4.0576,1.48,NMC-LMO,SNL_NMC-LMO_85SOC_a
304.0,35.862,4.0576,1.451,NMC-LMO,SNL_NMC-LMO_85SOC_a
305.0,36.138,4.0614,1.474,NMC-LMO,SNL_NMC-LMO_85SOC_a
306.0,36.255,4.0544,1.516,NMC-LMO,SNL_NMC-LMO_85SOC_a
307.0,35.398,4.0581,1.529,NMC-LMO,SNL_NMC-LMO_85SOC_a
308.0,35.714,4.0614,1.508,NMC-LMO,SNL_NMC-LMO_85SOC_a
309.0,35.981,4.0568,1.496,NMC-LMO,SNL_NMC-LMO_85SOC_a
310.0,35.852,4.0579,1.442,NMC-LMO,SNL_NMC-LMO_85SOC_a
311.0,36.544,4.0573,1.471,NMC-LMO,SNL_NMC-LMO_85SOC_a
312.0,35.46,4.0562,1.453,NMC-LMO,SNL_NMC-LMO_85SOC_a
313.0,36.301,4.0565,1.456,NMC-LMO,SNL_NMC-LMO_85SOC_a
314.0,36.186,4.0582,1.486,NMC-LMO,SNL_NMC-LMO_85SOC_a
315.0,35.883,4.0562,1.647,NMC-LMO,SNL_NMC-LMO_85SOC_a
316.0,36.213,4.0479,1.586,NMC-LMO,SNL_NMC-LMO_85SOC_a
317.0,36.276,4.0559,1.558,NMC-LMO,SNL_NMC-LMO_85SOC_a
318.0,35.845,4.0573,1.524,NMC-LMO,SNL_NMC-LMO_85SOC_a
319.0,37.062,4.0543,1.48,NMC-LMO,SNL_NMC-LMO_85SOC_a
320.0,36.847,4.0543,1.55,NMC-LMO,SNL_NMC-LMO_85SOC_a
321.0,36.191,4.0536,1.568,NMC-LMO,SNL_NMC-LMO_85SOC_a
322.0,36.168,4.0519,1.454,NMC-LMO,SNL_NMC-LMO_85SOC_a
323.0,36.319,4.0525,1.505,NMC-LMO,SNL_NMC-LMO_85SOC_a
324.0,36.429,4.054,1.55,NMC-LMO,SNL_NMC-LMO_85SOC_a
325.0,35.958,4.0547,1.521,NMC-LMO,SNL_NMC-LMO_85SOC_a
326.0,35.843,4.0531,1.477,NMC-LMO,SNL_NMC-LMO_85SOC_a
327.0,35.833,4.0524,1.463,NMC-LMO,SNL_NMC-LMO_85SOC_a
328.0,36.63,4.0529,1.57,NMC-LMO,SNL_NMC-LMO_85SOC_a
329.0,36.647,4.0507,1.524,NMC-LMO,SNL_NMC-LMO_85SOC_a
330.0,36.898,4.054,1.41,NMC-LMO,SNL_NMC-LMO_85SOC_a
331.0,37.111,4.0505,1.482,NMC-LMO,SNL_NMC-LMO_85SOC_a
332.0,36.927,4.0506,1.493,NMC-LMO,SNL_NMC-LMO_85SOC_a
333.0,36.985,4.05,1.536,NMC-LMO,SNL_NMC-LMO_85SOC_a
334.0,36.524,4.0511,1.5,NMC-LMO,SNL_NMC-LMO_85SOC_a
335.0,36.861,4.0508,1.519,NMC-LMO,SNL_NMC-LMO_85SOC_a
336.0,37.062,4.05,1.562,NMC-LMO,SNL_NMC-LMO_85SOC_a
337.0,37.372,4.0479,1.583,NMC-LMO,SNL_NMC-LMO_85SOC_a
338.0,36.412,4.0466,1.497,NMC-LMO,SNL_NMC-LMO_85SOC_a
339.0,36.755,4.0476,1.469,NMC-LMO,SNL_NMC-LMO_85SOC_a
340.0,37.036,4.0486,1.48,NMC-LMO,SNL_NMC-LMO_85SOC_a
341.0,37.181,4.0435,1.518,NMC-LMO,SNL_NMC-LMO_85SOC_a
342.0,36.098,4.0475,1.5,NMC-LMO,SNL_NMC-LMO_85SOC_a
343.0,37.423,4.0495,1.49,NMC-LMO,SNL_NMC-LMO_85SOC_a
344.0,36.84,4.0478,1.526,NMC-LMO,SNL_NMC-LMO_85SOC_a
345.0,37.074,4.0485,1.528,NMC-LMO,SNL_NMC-LMO_85SOC_a
346.0,37.432,4.0476,1.548,NMC-LMO,SNL_NMC-LMO_85SOC_a
347.0,37.535,4.0473,1.495,NMC-LMO,SNL_NMC-LMO_85SOC_a
348.0,36.875,4.0439,1.527,NMC-LMO,SNL_NMC-LMO_85SOC_a
349.0,37.432,4.0434,1.478,NMC-LMO,SNL_NMC-LMO_85SOC_a
350.0,36.753,4.0446,1.495,NMC-LMO,SNL_NMC-LMO_85SOC_a
351.0,38.263,4.0419,1.426,NMC-LMO,SNL_NMC-LMO_85SOC_a
352.0,37.38,4.0452,1.494,NMC-LMO,SNL_NMC-LMO_85SOC_a
353.0,37.533,4.0438,1.427,NMC-LMO,SNL_NMC-LMO_85SOC_a
354.0,37.207,4.0461,1.532,NMC-LMO,SNL_NMC-LMO_85SOC_a
355.0,37.401,4.0414,1.477,NMC-LMO,SNL_NMC-LMO_85SOC_a
356.0,38.038,4.043,1.51,NMC-LMO,SNL_NMC-LMO_85SOC_a
357.0,37.049,4.0424,1.58,NMC-LMO,SNL_NMC-LMO_85SOC_a
358.0,37.165,4.0431,1.434,NMC-LMO,SNL_NMC-LMO_85SOC_a
359.0,38.689,4.0411,1.428,NMC-LMO,SNL_NMC-LMO_85SOC_a
360.0,37.698,4.0417,1.478,NMC-LMO,SNL_NMC-LMO_85SOC_a
361.0,37.66,4.0419,1.52,NMC-LMO,SNL_NMC-LMO_85SOC_a
362.0,37.111,4.0383,1.467,NMC-LMO,SNL_NMC-LMO_85SOC_a
363.0,37.594,4.0399,1.5,NMC-LMO,SNL_NMC-LMO_85SOC_a
364.0,38.058,4.0412,1.533,NMC-LMO,SNL_NMC-LMO_85SOC_a
365.0,38.266,4.0437,1.475,NMC-LMO,SNL_NMC-LMO_85SOC_a
366.0,38.199,4.0427,1.443,NMC-LMO,SNL_NMC-LMO_85SOC_a
367.0,38.091,4.0411,1.474,NMC-LMO,SNL_NMC-LMO_85SOC_a
368.0,37.441,4.041,1.568,NMC-LMO,SNL_NMC-LMO_85SOC_a
369.0,37.597,4.0419,1.458,NMC-LMO,SNL_NMC-LMO_85SOC_a
370.0,38.545,4.0385,1.558,NMC-LMO,SNL_NMC-LMO_85SOC_a
371.0,37.889,4.0389,1.496,NMC-LMO,SNL_NMC-LMO_85SOC_a
372.0,38.473,4.0377,1.482,NMC-LMO,SNL_NMC-LMO_85SOC_a
373.0,37.66,4.039,1.5,NMC-LMO,SNL_NMC-LMO_85SOC_a
374.0,37.79,4.0373,1.509,NMC-LMO,SNL_NMC-LMO_85SOC_a
375.0,38.017,4.041,1.505,NMC-LMO,SNL_NMC-LMO_85SOC_a
376.0,38.062,4.033,1.545,NMC-LMO,SNL_NMC-LMO_85SOC_a
377.0,38.09,4.0355,1.431,NMC-LMO,SNL_NMC-LMO_85SOC_a
378.0,38.164,4.0392,1.497,NMC-LMO,SNL_NMC-LMO_85SOC_a
379.0,38.28,4.0361,1.5,NMC-LMO,SNL_NMC-LMO_85SOC_a
380.0,38.988,4.0314,1.6,NMC-LMO,SNL_NMC-LMO_85SOC_a
381.0,38.118,4.0357,1.465,NMC-LMO,SNL_NMC-LMO_85SOC_a
382.0,38.559,4.0346,1.449,NMC-LMO,SNL_NMC-LMO_85SOC_a
383.0,38.817,4.0355,1.452,NMC-LMO,SNL_NMC-LMO_85SOC_a
384.0,38.549,4.0337,1.465,NMC-LMO,SNL_NMC-LMO_85SOC_a
385.0,38.519,4.0345,1.426,NMC-LMO,SNL_NMC-LMO_85SOC_a
386.0,37.53,4.0314,1.559,NMC-LMO,SNL_NMC-LMO_85SOC_a
387.0,38.4,4.0334,1.575,NMC-LMO,SNL_NMC-LMO_85SOC_a
388.0,38.186,4.0319,1.377,NMC-LMO,SNL_NMC-LMO_85SOC_a
389.0,39.336,4.0325,1.518,NMC-LMO,SNL_NMC-LMO_85SOC_a
390.0,38.19,4.0292,1.506,NMC-LMO,SNL_NMC-LMO_85SOC_a
391.0,38.286,4.0325,1.58,NMC-LMO,SNL_NMC-LMO_85SOC_a
392.0,38.415,4.0327,1.482,NMC-LMO,SNL_NMC-LMO_85SOC_a
393.0,38.922,4.0295,1.457,NMC-LMO,SNL_NMC-LMO_85SOC_a
394.0,38.47,4.0331,1.501,NMC-LMO,SNL_NMC-LMO_85SOC_a
395.0,38.274,4.0309,1.482,NMC-LMO,SNL_NMC-LMO_85SOC_a
396.0,39.105,4.0309,1.423,NMC-LMO,SNL_NMC-LMO_85SOC_a
397.0,39.298,4.0304,1.462,NMC-LMO,SNL_NMC-LMO_85SOC_a
398.0,39.704,4.0345,1.561,NMC-LMO,SNL_NMC-LMO_85SOC_a
399.0,38.594,4.0333,1.553,NMC-LMO,SNL_NMC-LMO_85SOC_a
400.0,38.471,4.029,1.479,NMC-LMO,SNL_NMC-LMO_85SOC_a
401.0,38.994,4.0284,1.534,NMC-LMO,SNL_NMC-LMO_85SOC_a
402.0,38.785,4.0276,1.386,NMC-LMO,SNL_NMC-LMO_85SOC_a
403.0,39.224,4.0309,1.524,NMC-LMO,SNL_NMC-LMO_85SOC_a
404.0,39.066,4.0274,1.633,NMC-LMO,SNL_NMC-LMO_85SOC_a
405.0,38.624,4.0249,1.612,NMC-LMO,SNL_NMC-LMO_85SOC_a
406.0,38.732,4.0308,1.502,NMC-LMO,SNL_NMC-LMO_85SOC_a
407.0,39.761,4.0287,1.461,NMC-LMO,SNL_NMC-LMO_85SOC_a
408.0,38.92,4.0286,1.464,NMC-LMO,SNL_NMC-LMO_85SOC_a
409.0,39.084,4.0284,1.472,NMC-LMO,SNL_NMC-LMO_85SOC_a
410.0,39.13,4.0248,1.559,NMC-LMO,SNL_NMC-LMO_85SOC_a
411.0,39.42,4.0274,1.54,NMC-LMO,SNL_NMC-LMO_85SOC_a
412.0,39.431,4.0275,1.469,NMC-LMO,SNL_NMC-LMO_85SOC_a
413.0,40.076,4.0287,1.55,NMC-LMO,SNL_NMC-LMO_85SOC_a
414.0,40.163,4.0247,1.448,NMC-LMO,SNL_NMC-LMO_85SOC_a
415.0,39.552,4.0247,1.59,NMC-LMO,SNL_NMC-LMO_85SOC_a
416.0,39.491,4.0221,1.452,NMC-LMO,SNL_NMC-LMO_85SOC_a
417.0,40.202,4.0233,1.485,NMC-LMO,SNL_NMC-LMO_85SOC_a
418.0,39.34,4.0233,1.461,NMC-LMO,SNL_NMC-LMO_85SOC_a
419.0,39.65,4.0278,1.524,NMC-LMO,SNL_NMC-LMO_85SOC_a
420.0,40.1,4.0242,1.46,NMC-LMO,SNL_NMC-LMO_85SOC_a
421.0,39.556,4.0236,1.506,NMC-LMO,SNL_NMC-LMO_85SOC_a
422.0,39.436,4.0247,1.467,NMC-LMO,SNL_NMC-LMO_85SOC_a
423.0,40.042,4.0262,1.428,NMC-LMO,SNL_NMC-LMO_85SOC_a
424.0,39.69,4.0235,1.531,NMC-LMO,SNL_NMC-LMO_85SOC_a
425.0,39.884,4.0213,1.419,NMC-LMO,SNL_NMC-LMO_85SOC_a
426.0,40.055,4.0218,1.44,NMC-LMO,SNL_NMC-LMO_85SOC_a
427.0,39.077,4.0179,1.46,NMC-LMO,SNL_NMC-LMO_85SOC_a
428.0,40.004,4.0221,1.566,NMC-LMO,SNL_NMC-LMO_85SOC_a
429.0,40.006,4.0253,1.459,NMC-LMO,SNL_NMC-LMO_85SOC_a
430.0,40.118,4.0201,1.52,NMC-LMO,SNL_NMC-LMO_85SOC_a
431.0,39.233,4.0212,1.458,NMC-LMO,SNL_NMC-LMO_85SOC_a
432.0,39.49,4.0191,1.558,NMC-LMO,SNL_NMC-LMO_85SOC_a
433.0,39.769,4.0202,1.604,NMC-LMO,SNL_NMC-LMO_85SOC_a
434.0,40.436,4.0213,1.513,NMC-LMO,SNL_NMC-LMO_85SOC_a
435.0,39.233,4.0175,1.438,NMC-LMO,SNL_NMC-LMO_85SOC_a
436.0,39.149,4.0185,1.559,NMC-LMO,SNL_NMC-LMO_85SOC_a
437.0,40.617,4.0175,1.48,NMC-LMO,SNL_NMC-LMO_85SOC_a
438.0,40.556,4.0223,1.51,NMC-LMO,SNL_NMC-LMO_85SOC_a
439.0,40.515,4.0153,1.44,NMC-LMO,SNL_NMC-LMO_85SOC_a
440.0,40.096,4.0169,1.501,NMC-LMO,SNL_NMC-LMO_85SOC_a
441.0,39.81,4.0182,1.452,NMC-LMO,SNL_NMC-LMO_85SOC_a
442.0,40.587,4.0142,1.506,NMC-LMO,SNL_NMC-LMO_85SOC_a
443.0,40.802,4.0133,1.554,NMC-LMO,SNL_NMC-LMO_85SOC_a
444.0,40.891,4.0173,1.479,NMC-LMO,SNL_NMC-LMO_85SOC_a
445.0,41.319,4.0174,1.467,NMC-LMO,SNL_NMC-LMO_85SOC_a
446.0,41.694,4.0158,1.54,NMC-LMO,SNL_NMC-LMO_85SOC_a
447.0,40.816,4.0168,1.526,NMC-LMO,SNL_NMC-LMO_85SOC_a
448.0,40.267,4.0202,1.484,NMC-LMO,SNL_NMC-LMO_85SOC_a
449.0,40.422,4.0171,1.505,NMC-LMO,SNL_NMC-LMO_85SOC_a
450.0,40.649,4.0161,1.565,NMC-LMO,SNL_NMC-LMO_85SOC_a
451.0,40.926,4.0185,1.477,NMC-LMO,SNL_NMC-LMO_85SOC_a
452.0,40.67,4.0134,1.521,NMC-LMO,SNL_NMC-LMO_85SOC_a
453.0,40.753,4.0133,1.454,NMC-LMO,SNL_NMC-LMO_85SOC_a
454.0,40.197,4.0155,1.519,NMC-LMO,SNL_NMC-LMO_85SOC_a
455.0,41.076,4.0112,1.434,NMC-LMO,SNL_NMC-LMO_85SOC_a
456.0,41.458,4.0151,1.576,NMC-LMO,SNL_NMC-LMO_85SOC_a
457.0,41.327,4.0137,1.58,NMC-LMO,SNL_NMC-LMO_85SOC_a
458.0,41.02,4.0133,1.472,NMC-LMO,SNL_NMC-LMO_85SOC_a
459.0,41.136,4.0129,1.426,NMC-LMO,SNL_NMC-LMO_85SOC_a
460.0,41.59,4.0063,1.516,NMC-LMO,SNL_NMC-LMO_85SOC_a
461.0,41.069,4.0082,1.495,NMC-LMO,SNL_NMC-LMO_85SOC_a
462.0,41.67,4.0092,1.483,NMC-LMO,SNL_NMC-LMO_85SOC_a
463.0,40.839,4.0098,1.426,NMC-LMO,SNL_NMC-LMO_85SOC_a
464.0,41.023,4.0117,1.594,NMC-LMO,SNL_NMC-LMO_85SOC_a
465.0,42.02,4.0117,1.509,NMC-LMO,SNL_NMC-LMO_85SOC_a
466.0,41.54,4.0074,1.441,NMC-LMO,SNL_NMC-LMO_85SOC_a
467.0,41.215,4.0095,1.525,NMC-LMO,SNL_NMC-LMO_85SOC_a
468.0,41.148,4.011,1.487,NMC-LMO,SNL_NMC-LMO_85SOC_a
469.0,41.676,4.0093,1.474,NMC-LMO,SNL_NMC-LMO_85SOC_a
470.0,41.282,4.0135,1.578,NMC-LMO,SNL_NMC-LMO_85SOC_a
471.0,41.989,4.0114,1.543,NMC-LMO,SNL_NMC-LMO_85SOC_a
472.0,42.412,4.0104,1.451,NMC-LMO,SNL_NMC-LMO_85SOC_a
473.0,41.566,4.0077,1.51,NMC-LMO,SNL_NMC-LMO_85SOC_a
474.0,41.746,4.0106,1.491,NMC-LMO,SNL_NMC-LMO_85SOC_a
475.0,41.26,4.0091,1.454,NMC-LMO,SNL_NMC-LMO_85SOC_a
476.0,41.922,4.0087,1.514,NMC-LMO,SNL_NMC-LMO_85SOC_a
477.0,41.323,4.0052,1.582,NMC-LMO,SNL_NMC-LMO_85SOC_a
478.0,41.825,4.0064,1.522,NMC-LMO,SNL_NMC-LMO_85SOC_a
479.0,40.583,4.0038,1.444,NMC-LMO,SNL_NMC-LMO_85SOC_a
480.0,41.534,4.0067,1.57,NMC-LMO,SNL_NMC-LMO_85SOC_a
481.0,42.41,4.0054,1.485,NMC-LMO,SNL_NMC-LMO_85SOC_a
482.0,42.8,4.0084,1.515,NMC-LMO,SNL_NMC-LMO_85SOC_a
483.0,41.668,4.0044,1.475,NMC-LMO,SNL_NMC-LMO_85SOC_a
484.0,41.898,4.004,1.427,NMC-LMO,SNL_NMC-LMO_85SOC_a
485.0,41.929,4.0091,1.495,NMC-LMO,SNL_NMC-LMO_85SOC_a
486.0,42.724,4.0049,1.452,NMC-LMO,SNL_NMC-LMO_85SOC_a
487.0,41.755,4.0022,1.477,NMC-LMO,SNL_NMC-LMO_85SOC_a
488.0,42.475,4.0037,1.564,NMC-LMO,SNL_NMC-LMO_85SOC_a
489.0,41.571,4.0004,1.588,NMC-LMO,SNL_NMC-LMO_85SOC_a
490.0,41.658,4.0117,2.091,NMC-LMO,SNL_NMC-LMO_85SOC_a
491.0,39.859,4.0081,2.624,NMC-LMO,SNL_NMC-LMO_85SOC_a
492.0,41.568,3.9902,3.202,NMC-LMO,SNL_NMC-LMO_85SOC_a
493.0,42.999,3.9897,3.589,NMC-LMO,SNL_NMC-LMO_85SOC_a
494.0,43.203,3.9863,3.934,NMC-LMO,SNL_NMC-LMO_85SOC_a
495.0,42.722,3.9868,4.708,NMC-LMO,SNL_NMC-LMO_85SOC_a
496.0,43.217,3.9786,5.331,NMC-LMO,SNL_NMC-LMO_85SOC_a
497.0,43.505,3.9607,6.046,NMC-LMO,SNL_NMC-LMO_85SOC_a
498.0,43.611,3.9363,6.481,NMC-LMO,SNL_NMC-LMO_85SOC_a
499.0,43.171,3.9284,7.218,NMC-LMO,SNL_NMC-LMO_85SOC_a
500.0,43.3,3.9055,7.452,NMC-LMO,SNL_NMC-LMO_85SOC_a
501.0,44.254,3.8851,7.853,NMC-LMO,SNL_NMC-LMO_85SOC_a
502.0,43.376,3.8646,7.953,NMC-LMO,SNL_NMC-LMO_85SOC_a
503.0,44.414,3.8437,8.344,NMC-LMO,SNL_NMC-LMO_85SOC_a
504.0,46.195,3.8003,9.18,NMC-LMO,SNL_NMC-LMO_85SOC_a
505.0,47.57,3.7682,9.418,NMC-LMO,SNL_NMC-LMO_85SOC_a
506.0,48.672,3.7222,10.171,NMC-LMO,SNL_NMC-LMO_85SOC_a
507.0,47.984,3.6915,10.709,NMC-LMO,SNL_NMC-LMO_85SOC_a
508.0,49.319,3.6723,10.969,NMC-LMO,SNL_NMC-LMO_85SOC_a
509.0,51.028,3.6193,11.346,NMC-LMO,SNL_NMC-LMO_85SOC_a
510.0,53.497,3.589,11.649,NMC-LMO,SNL_NMC-LMO_85SOC_a
511.0,54.775,3.5741,12.341,NMC-LMO,SNL_NMC-LMO_85SOC_a
512.0,57.778,3.5206,13.027,NMC-LMO,SNL_NMC-LMO_85SOC_a
513.0,61.594,3.4797,13.359,NMC-LMO,SNL_NMC-LMO_85SOC_a
514.0,64.594,3.4386,13.587,NMC-LMO,SNL_NMC-LMO_85SOC_a
515.0,67.43,3.3791,14.247,NMC-LMO,SNL_NMC-LMO_85SOC_a
516.0,71.117,3.3398,15.061,NMC-LMO,SNL_NMC-LMO_85SOC_a
517.0,74.012,3.2889,15.634,NMC-LMO,SNL_NMC-LMO_85SOC_a
518.0,76.621,3.236,16.28,NMC-LMO,SNL_NMC-LMO_85SOC_a
519.0,81.19,3.1957,16.809,NMC-LMO,SNL_NMC-LMO_85SOC_a
520.0,95.106,3.0527,18.309,NMC-LMO,SNL_NMC-LMO_85SOC_a
521.0,108.172,2.8454,19.809,NMC-LMO,SNL_NMC-LMO_85SOC_a
522.0,120.992,2.6637,21.309,NMC-LMO,SNL_NMC-LMO_85SOC_a
523.0,133.365,2.5218,22.809,NMC-LMO,SNL_NMC-LMO_85SOC_a
524.0,149.524,2.2924,24.309,NMC-LMO,SNL_NMC-LMO_85SOC_a
525.0,164.275,2.1314,25.809,NMC-LMO,SNL_NMC-LMO_85SOC_a
526.0,179.658,1.9808,27.309,NMC-LMO,SNL_NMC-LMO_85SOC_a
527.0,191.451,1.7676,28.809,NMC-LMO,SNL_NMC-LMO_85SOC_a
528.0,206.209,1.6691,30.0,NMC-LMO,SNL_NMC-LMO_85SOC_a
529.0,216.481,1.5364,30.0,NMC-LMO,SNL_NMC-LMO_85SOC_a
530.0,233.56,1.3787,30.0,NMC-LMO,SNL_NMC-LMO_85SOC_a
531.0,249.361,1.1936,30.0,NMC-LMO,SNL_NMC-LMO_85SOC_a
532.0,263.822,0.9625,30.0,NMC-LMO,SNL_NMC-LMO_85SOC_a
533.0,273.833,0.8597,30.0,NMC-LMO,SNL_NMC-LMO_85SOC_a
534.0,286.563,0.6869,30.0,NMC-LMO,SNL_NMC-LMO_85SOC_a
535.0,298.49,0.4664,30.0,NMC-LMO,SNL_NMC-LMO_85SOC_a
536.0,312.843,0.2799,30.0,NMC-LMO,SNL_NMC-LMO_85SOC_a
537.0,328.299,0.1525,30.0,NMC-LMO,SNL_NMC-LMO_85SOC_a
538.0,343.64,0.0145,30.0,NMC-LMO,SNL_NMC-LMO_85SOC_a
539.0,355.0,0.0,30.0,NMC-LMO,SNL_NMC-LMO_85SOC_a
540.0,355.0,0.0,30.0,NMC-LMO,SNL_NMC-LMO_85SOC_a
541.0,355.0,0.0,30.0,NMC-LMO,SNL_NMC-LMO_85SOC_a
542.0,355.0,0.0,30.0,NMC-LMO,SNL_NMC-LMO_85SOC_a
543.0,355.0,0.0,30.0,NMC-LMO,SNL_NMC-LMO_85SOC_a
544.0,355.0,0.0,30.0,NMC-LMO,SNL_NMC-LMO_85SOC_a
545.0,355.0,0.0,30.0,NMC-LMO,SNL_NMC-LMO_85SOC_a
546.0,355.0,0.0,30.0,NMC-LMO,SNL_NMC-LMO_85SOC_a
547.0,355.0,0.0,30.0,NMC-LMO,SNL_NMC-LMO_85SOC_a
548.0,355.0,0.0,30.0,NMC-LMO,SNL_NMC-LMO_85SOC_a
549.0,355.0,0.0,30.0,NMC-LMO,SNL_NMC-LMO_85SOC_a
550.0,380.866,0.0,0.0,NMC-LMO,SNL_NMC-LMO_85SOC_a
551.0,378.314,0.0012,0.0,NMC-LMO,SNL_NMC-LMO_85SOC_a
552.0,374.654,0.0024,0.0,NMC-LMO,SNL_NMC-LMO_85SOC_a
553.0,368.065,0.0039,0.0,NMC-LMO,SNL_NMC-LMO_85SOC_a
554.0,369.382,0.005,0.0,NMC-LMO,SNL_NMC-LMO_85SOC_a
555.0,364.25,0.0042,0.0,NMC-LMO,SNL_NMC-LMO_85SOC_a
556.0,363.581,0.0042,0.0,NMC-LMO,SNL_NMC-LMO_85SOC_a
557.0,361.091,0.0053,0.0,NMC-LMO,SNL_NMC-LMO_85SOC_a
558.0,355.344,0.0062,0.0,NMC-LMO,SNL_NMC-LMO_85SOC_a
559.0,355.351,0.006,0.0,NMC-LMO,SNL_NMC-LMO_85SOC_a
560.0,350.5,0.0065,0.0,NMC-LMO,SNL_NMC-LMO_85SOC_a
561.0,346.474,0.0072,0.0,NMC-LMO,SNL_NMC-LMO_85SOC_a
562.0,345.267,0.0072,0.0,NMC-LMO,SNL_NMC-LMO_85SOC_a
563.0,344.756,0.0084,0.0,NMC-LMO,SNL_NMC-LMO_85SOC_a
564.0,342.118,0.0077,0.0,NMC-LMO,SNL_NMC-LMO_85SOC_a
565.0,339.097,0.009,0.0,NMC-LMO,SNL_NMC-LMO_85SOC_a
566.0,338.152,0.0086,0.0,NMC-LMO,SNL_NMC-LMO_85SOC_a
567.0,334.504,0.007,0.0,NMC-LMO,SNL_NMC-LMO_85SOC_a
568.0,332.973,0.0053,0.0,NMC-LMO,SNL_NMC-LMO_85SOC_a
569.0,331.069,0.0054,0.0,NMC-LMO,SNL_NMC-LMO_85SOC_a
570.0,331.091,0.0043,0.0,NMC-LMO,SNL_NMC-LMO_85SOC_a
571.0,324.947,0.0061,0.0,NMC-LMO,SNL_NMC-LMO_85SOC_a
572.0,324.496,0.0054,0.0,NMC-LMO,SNL_NMC-LMO_85SOC_a
573.0,320.673,0.0054,0.0,NMC-LMO,SNL_NMC-LMO_85SOC_a
574.0,318.407,0.0047,0.0,NMC-LMO,SNL_NMC-LMO_85SOC_a
575.0,315.515,0.0031,0.0,NMC-LMO,SNL_NMC-LMO_85SOC_a
576.0,313.536,0.0036,0.0,NMC-LMO,SNL_NMC-LMO_85SOC_a
577.0,310.695,0.0019,0.0,NMC-LMO,SNL_NMC-LMO_85SOC_a
578.0,310.24,0.0023,0.0,NMC-LMO,SNL_NMC-LMO_85SOC_a
579.0,305.407,0.002,0.0,NMC-LMO,SNL_NMC-LMO_85SOC_a
580.0,302.002,0.001,0.0,NMC-LMO,SNL_NMC-LMO_85SOC_a
581.0,301.221,0.0022,0.0,NMC-LMO,SNL_NMC-LMO_85SOC_a
582.0,298.861,0.0029,0.0,NMC-LMO,SNL_NMC-LMO_85SOC_a
583.0,296.823,0.0031,0.0,NMC-LMO,SNL_NMC-LMO_85SOC_a
584.0,295.246,0.004,0.0,NMC-LMO,SNL_NMC-LMO_85SOC_a
585.0,292.501,0.0024,0.0,NMC-LMO,SNL_NMC-LMO_85SOC_a
586.0,289.092,0.0019,0.0,NMC-LMO,SNL_NMC-LMO_85SOC_a
587.0,287.171,0.0023,0.0,NMC-LMO,SNL_NMC-LMO_85SOC_a
588.0,286.242,0.0047,0.0,NMC-LMO,SNL_NMC-LMO_85SOC_a
589.0,282.247,0.0049,0.0,NMC-LMO,SNL_NMC-LMO_85SOC_a
590.0,281.091,0.0044,0.0,NMC-LMO,SNL_NMC-LMO_85SOC_a
591.0,280.941,0.0021,0.0,NMC-LMO,SNL_NMC-LMO_85SOC_a
592.0,279.046,0.004,0.0,NMC-LMO,SNL_NMC-LMO_85SOC_a
593.0,275.99,0.0042,0.0,NMC-LMO,SNL_NMC-LMO_85SOC_a
594.0,276.202,0.0041,0.0,NMC-LMO,SNL_NMC-LMO_85SOC_a
595.0,271.804,0.0018,0.0,NMC-LMO,SNL_NMC-LMO_85SOC_a
596.0,271.663,0.0017,0.0,NMC-LMO,SNL_NMC-LMO_85SOC_a
597.0,267.225,0.0018,0.0,NMC-LMO,SNL_NMC-LMO_85SOC_a
598.0,265.926,0.0013,0.0,NMC-LMO,SNL_NMC-LMO_85SOC_a
599.0,265.784,0.0,0.0,NMC-LMO,SNL_NMC-LMO_85SOC_a
600.0,264.535,0.0,0.0,NMC-LMO,SNL_NMC-LMO_85SOC_a
601.0,260.073,0.0019,0.0,NMC-LMO,SNL_NMC-LMO_85SOC_a
602.0,260.878,0.002,0.0,NMC-LMO,SNL_NMC-LMO_85SOC_a
603.0,255.91,0.0015,0.0,NMC-LMO,SNL_NMC-LMO_85SOC_a
604.0,255.579,0.0015,0.0,NMC-LMO,SNL_NMC-LMO_85SOC_a
605.0,253.497,0.0015,0.0,NMC-LMO,SNL_NMC-LMO_85SOC_a
606.0,251.49,0.0001,0.0,NMC-LMO,SNL_NMC-LMO_85SOC_a
607.0,249.229,0.001,0.0,NMC-LMO,SNL_NMC-LMO_85SOC_a
608.0,246.159,0.0008,0.0,NMC-LMO,SNL_NMC-LMO_85SOC_a
609.0,245.203,0.0009,0.0,NMC-LMO,SNL_NMC-LMO_85SOC_a
610.0,244.085,0.0024,0.0,NMC-LMO,SNL_NMC-LMO_85SOC_a
611.0,243.678,0.0011,0.0,NMC-LMO,SNL_NMC-LMO_85SOC_a
612.0,242.188,0.0003,0.0,NMC-LMO,SNL_NMC-LMO_85SOC_a
613.0,238.593,0.0006,0.0,NMC-LMO,SNL_NMC-LMO_85SOC_a
614.0,237.012,0.0015,0.0,NMC-LMO,SNL_NMC-LMO_85SOC_a
615.0,234.893,0.0009,0.0,NMC-LMO,SNL_NMC-LMO_85SOC_a
616.0,233.389,0.0003,0.0,NMC-LMO,SNL_NMC-LMO_85SOC_a
617.0,234.354,0.0009,0.0,NMC-LMO,SNL_NMC-LMO_85SOC_a
618.0,233.615,0.0032,0.0,NMC-LMO,SNL_NMC-LMO_85SOC_a
619.0,227.862,0.0033,0.0,NMC-LMO,SNL_NMC-LMO_85SOC_a
620.0,226.015,0.0025,0.0,NMC-LMO,SNL_NMC-LMO_85SOC_a
621.0,225.218,0.0014,0.0,NMC-LMO,SNL_NMC-LMO_85SOC_a
622.0,222.983,0.0013,0.0,NMC-LMO,SNL_NMC-LMO_85SOC_a
623.0,221.145,0.0021,0.0,NMC-LMO,SNL_NMC-LMO_85SOC_a
624.0,220.016,0.0049,0.0,NMC-LMO,SNL_NMC-LMO_85SOC_a
625.0,219.151,0.005,0.0,NMC-LMO,SNL_NMC-LMO_85SOC_a
626.0,216.333,0.0067,0.0,NMC-LMO,SNL_NMC-LMO_85SOC_a
627.0,218.415,0.007,0.0,NMC-LMO,SNL_NMC-LMO_85SOC_a
628.0,213.188,0.0072,0.0,NMC-LMO,SNL_NMC-LMO_85SOC_a
629.0,212.01,0.0087,0.0,NMC-LMO,SNL_NMC-LMO_85SOC_a
630.0,213.403,0.0088,0.0,NMC-LMO,SNL_NMC-LMO_85SOC_a
631.0,207.043,0.0078,0.0,NMC-LMO,SNL_NMC-LMO_85SOC_a
632.0,210.249,0.009,0.0,NMC-LMO,SNL_NMC-LMO_85SOC_a
633.0,209.414,0.0074,0.0,NMC-LMO,SNL_NMC-LMO_85SOC_a
634.0,206.746,0.0084,0.0,NMC-LMO,SNL_NMC-LMO_85SOC_a
635.0,202.362,0.0084,0.0,NMC-LMO,SNL_NMC-LMO_85SOC_a
636.0,203.827,0.0081,0.0,NMC-LMO,SNL_NMC-LMO_85SOC_a
637.0,199.216,0.0078,0.0,NMC-LMO,SNL_NMC-LMO_85SOC_a
638.0,200.093,0.0077,0.0,NMC-LMO,SNL_NMC-LMO_85SOC_a
639.0,198.34,0.0072,0.0,NMC-LMO,SNL_NMC-LMO_85SOC_a
640.0,197.737,0.0077,0.0,NMC-LMO,SNL_NMC-LMO_85SOC_a
641.0,195.964,0.0072,0.0,NMC-LMO,SNL_NMC-LMO_85SOC_a
642.0,195.193,0.0053,0.0,NMC-LMO,SNL_NMC-LMO_85SOC_a
643.0,194.415,0.0053,0.0,NMC-LMO,SNL_NMC-LMO_85SOC_a
644.0,192.415,0.0063,0.0,NMC-LMO,SNL_NMC-LMO_85SOC_a
645.0,188.092,0.0043,0.0,NMC-LMO,SNL_NMC-LMO_85SOC_a
646.0,190.109,0.0043,0.0,NMC-LMO,SNL_NMC-LMO_85SOC_a
647.0,188.642,0.0038,0.0,NMC-LMO,SNL_NMC-LMO_85SOC_a
648.0,188.081,0.0048,0.0,NMC-LMO,SNL_NMC-LMO_85SOC_a
649.0,186.519,0.0045,0.0,NMC-LMO,SNL_NMC-LMO_85SOC_a
650.0,181.35,0.0053,0.0,NMC-LMO,SNL_NMC-LMO_85SOC_a
651.0,185.073,0.0059,0.0,NMC-LMO,SNL_NMC-LMO_85SOC_a
652.0,180.66,0.0066,0.0,NMC-LMO,SNL_NMC-LMO_85SOC_a
653.0,182.02,0.0082,0.0,NMC-LMO,SNL_NMC-LMO_85SOC_a
654.0,178.174,0.0079,0.0,NMC-LMO,SNL_NMC-LMO_85SOC_a
655.0,179.378,0.008,0.0,NMC-LMO,SNL_NMC-LMO_85SOC_a
656.0,175.36,0.0084,0.0,NMC-LMO,SNL_NMC-LMO_85SOC_a
657.0,176.693,0.0085,0.0,NMC-LMO,SNL_NMC-LMO_85SOC_a
658.0,174.952,0.0082,0.0,NMC-LMO,SNL_NMC-LMO_85SOC_a
659.0,175.648,0.0073,0.0,NMC-LMO,SNL_NMC-LMO_85SOC_a
660.0,171.367,0.0073,0.0,NMC-LMO,SNL_NMC-LMO_85SOC_a
661.0,172.393,0.0059,0.0,NMC-LMO,SNL_NMC-LMO_85SOC_a
662.0,167.945,0.0038,0.0,NMC-LMO,SNL_NMC-LMO_85SOC_a
663.0,168.805,0.0027,0.0,NMC-LMO,SNL_NMC-LMO_85SOC_a
664.0,167.034,0.0034,0.0,NMC-LMO,SNL_NMC-LMO_85SOC_a
665.0,165.512,0.0036,0.0,NMC-LMO,SNL_NMC-LMO_85SOC_a
666.0,164.898,0.0043,0.0,NMC-LMO,SNL_NMC-LMO_85SOC_a
667.0,164.941,0.0036,0.0,NMC-LMO,SNL_NMC-LMO_85SOC_a
668.0,162.866,0.0046,0.0,NMC-LMO,SNL_NMC-LMO_85SOC_a
669.0,162.609,0.0032,0.0,NMC-LMO,SNL_NMC-LMO_85SOC_a
670.0,161.91,0.0021,0.0,NMC-LMO,SNL_NMC-LMO_85SOC_a
671.0,161.963,0.0032,0.0,NMC-LMO,SNL_NMC-LMO_85SOC_a
672.0,159.204,0.0033,0.0,NMC-LMO,SNL_NMC-LMO_85SOC_a
673.0,157.39,0.004,0.0,NMC-LMO,SNL_NMC-LMO_85SOC_a
674.0,156.09,0.0042,0.0,NMC-LMO,SNL_NMC-LMO_85SOC_a
675.0,156.905,0.0037,0.0,NMC-LMO,SNL_NMC-LMO_85SOC_a
676.0,153.632,0.0025,0.0,NMC-LMO,SNL_NMC-LMO_85SOC_a
677.0,151.928,0.0006,0.0,NMC-LMO,SNL_NMC-LMO_85SOC_a
678.0,153.595,0.0024,0.0,NMC-LMO,SNL_NMC-LMO_85SOC_a
679.0,153.622,0.0008,0.0,NMC-LMO,SNL_NMC-LMO_85SOC_a
680.0,151.564,0.0022,0.0,NMC-LMO,SNL_NMC-LMO_85SOC_a
681.0,148.791,0.0023,0.0,NMC-LMO,SNL_NMC-LMO_85SOC_a
682.0,145.473,0.0026,0.0,NMC-LMO,SNL_NMC-LMO_85SOC_a
683.0,145.905,0.0028,0.0,NMC-LMO,SNL_NMC-LMO_85SOC_a
684.0,144.183,0.0034,0.0,NMC-LMO,SNL_NMC-LMO_85SOC_a
685.0,147.093,0.0026,0.0,NMC-LMO,SNL_NMC-LMO_85SOC_a
686.0,142.89,0.0004,0.0,NMC-LMO,SNL_NMC-LMO_85SOC_a
687.0,143.243,0.0,0.0,NMC-LMO,SNL_NMC-LMO_85SOC_a
688.0,140.371,0.0005,0.0,NMC-LMO,SNL_NMC-LMO_85SOC_a
689.0,141.085,0.0,0.0,NMC-LMO,SNL_NMC-LMO_85SOC_a
690.0,139.997,0.0011,0.0,NMC-LMO,SNL_NMC-LMO_85SOC_a
691.0,140.811,0.0009,0.0,NMC-LMO,SNL_NMC-LMO_85SOC_a
692.0,139.919,0.0,0.0,NMC-LMO,SNL_NMC-LMO_85SOC_a
693.0,138.131,0.0001,0.0,NMC-LMO,SNL_NMC-LMO_85SOC_a
694.0,136.477,0.0006,0.0,NMC-LMO,SNL_NMC-LMO_85SOC_a
695.0,135.117,0.0011,0.0,NMC-LMO,SNL_NMC-LMO_85SOC_a
696.0,136.229,0.0,0.0,NMC-LMO,SNL_NMC-LMO_85SOC_a
697.0,136.307,0.0,0.0,NMC-LMO,SNL_NMC-LMO_85SOC_a
698.0,132.724,0.001,0.0,NMC-LMO,SNL_NMC-LMO_85SOC_a
699.0,132.307,0.0,0.0,NMC-LMO,SNL_NMC-LMO_85SOC_a
700.0,130.283,0.001,0.0,NMC-LMO,SNL_NMC-LMO_85SOC_a
701.0,128.19,0.0022,0.0,NMC-LMO,SNL_NMC-LMO_85SOC_a
702.0,130.144,0.001,0.0,NMC-LMO,SNL_NMC-LMO_85SOC_a
703.0,128.514,0.0,0.0,NMC-LMO,SNL_NMC-LMO_85SOC_a
704.0,129.856,0.0007,0.0,NMC-LMO,SNL_NMC-LMO_85SOC_a
705.0,125.153,0.0003,0.0,NMC-LMO,SNL_NMC-LMO_85SOC_a
706.0,125.618,0.0016,0.0,NMC-LMO,SNL_NMC-LMO_85SOC_a
707.0,124.076,0.0032,0.0,NMC-LMO,SNL_NMC-LMO_85SOC_a
708.0,125.245,0.0021,0.0,NMC-LMO,SNL_NMC-LMO_85SOC_a
709.0,123.48,0.0013,0.0,NMC-LMO,SNL_NMC-LMO_85SOC_a
710.0,121.791,0.0014,0.0,NMC-LMO,SNL_NMC-LMO_85SOC_a
711.0,121.075,0.0,0.0,NMC-LMO,SNL_NMC-LMO_85SOC_a
712.0,121.567,0.0,0.0,NMC-LMO,SNL_NMC-LMO_85SOC_a
713.0,120.234,0.0,0.0,NMC-LMO,SNL_NMC-LMO_85SOC_a
714.0,119.288,0.002,0.0,NMC-LMO,SNL_NMC-LMO_85SOC_a
715.0,119.918,0.0022,0.0,NMC-LMO,SNL_NMC-LMO_85SOC_a
716.0,116.413,0.0016,0.0,NMC-LMO,SNL_NMC-LMO_85SOC_a
717.0,118.651,0.0006,0.0,NMC-LMO,SNL_NMC-LMO_85SOC_a
718.0,118.946,0.0,0.0,NMC-LMO,SNL_NMC-LMO_85SOC_a
719.0,116.417,0.0,0.0,NMC-LMO,SNL_NMC-LMO_85SOC_a
720.0,116.361,0.0,0.0,NMC-LMO,SNL_NMC-LMO_85SOC_a
721.0,114.982,0.0,0.0,NMC-LMO,SNL_NMC-LMO_85SOC_a
722.0,113.567,0.0005,0.0,NMC-LMO,SNL_NMC-LMO_85SOC_a
723.0,114.311,0.0004,0.0,NMC-LMO,SNL_NMC-LMO_85SOC_a
724.0,112.599,0.0012,0.0,NMC-LMO,SNL_NMC-LMO_85SOC_a
725.0,112.188,0.0009,0.0,NMC-LMO,SNL_NMC-LMO_85SOC_a
726.0,112.001,0.0026,0.0,NMC-LMO,SNL_NMC-LMO_85SOC_a
727.0,109.142,0.0034,0.0,NMC-LMO,SNL_NMC-LMO_85SOC_a
728.0,107.626,0.0036,0.0,NMC-LMO,SNL_NMC-LMO_85SOC_a
729.0,112.148,0.0041,0.0,NMC-LMO,SNL_NMC-LMO_85SOC_a
730.0,109.365,0.0035,0.0,NMC-LMO,SNL_NMC-LMO_85SOC_a
731.0,108.486,0.0032,0.0,NMC-LMO,SNL_NMC-LMO_85SOC_a
732.0,106.595,0.003,0.0,NMC-LMO,SNL_NMC-LMO_85SOC_a
733.0,107.412,0.0022,0.0,NMC-LMO,SNL_NMC-LMO_85SOC_a
734.0,105.251,0.0008,0.0,NMC-LMO,SNL_NMC-LMO_85SOC_a
735.0,106.397,0.0014,0.0,NMC-LMO,SNL_NMC-LMO_85SOC_a
736.0,105.515,0.0023,0.0,NMC-LMO,SNL_NMC-LMO_85SOC_a
737.0,104.66,0.0027,0.0,NMC-LMO,SNL_NMC-LMO_85SOC_a
738.0,104.351,0.0026,0.0,NMC-LMO,SNL_NMC-LMO_85SOC_a
739.0,102.47,0.0049,0.0,NMC-LMO,SNL_NMC-LMO_85SOC_a
740.0,101.965,0.0042,0.0,NMC-LMO,SNL_NMC-LMO_85SOC_a
741.0,102.675,0.0044,0.0,NMC-LMO,SNL_NMC-LMO_85SOC_a
742.0,99.303,0.0056,0.0,NMC-LMO,SNL_NMC-LMO_85SOC_a
743.0,100.66,0.0045,0.0,NMC-LMO,SNL_NMC-LMO_85SOC_a
744.0,101.981,0.0051,0.0,NMC-LMO,SNL_NMC-LMO_85SOC_a
745.0,97.701,0.0069,0.0,NMC-LMO,SNL_NMC-LMO_85SOC_a
746.0,99.992,0.0068,0.0,NMC-LMO,SNL_NMC-LMO_85SOC_a
747.0,100.8,0.007,0.0,NMC-LMO,SNL_NMC-LMO_85SOC_a
748.0,97.787,0.0063,0.0,NMC-LMO,SNL_NMC-LMO_85SOC_a
749.0,98.122,0.0068,0.0,NMC-LMO,SNL_NMC-LMO_85SOC_a
0.0,25.009,4.1484,1.494,NMC-LMO,SNL_NMC-LMO_85SOC_b
1.0,24.996,4.147,1.574,NMC-LMO,SNL_NMC-LMO_85SOC_b
2.0,25.415,4.1442,1.49,NMC-LMO,SNL_NMC-LMO_85SOC_b
3.0,24.827,4.1517,1.525,NMC-LMO,SNL_NMC-LMO_85SOC_b
4.0,25.548,4.148,1.494,NMC-LMO,SNL_NMC-LMO_85SOC_b
5.0,25.632,4.1476,1.45,NMC-LMO,SNL_NMC-LMO_85SOC_b
6.0,24.632,4.1488,1.454,NMC-LMO,SNL_NMC-LMO_85SOC_b
7.0,25.662,4.1517,1.538,NMC-LMO,SNL_NMC-LMO_85SOC_b
8.0,24.477,4.1456,1.467,NMC-LMO,SNL_NMC-LMO_85SOC_b
9.0,25.641,4.1475,1.556,NMC-LMO,SNL_NMC-LMO_85SOC_b
10.0,25.84,4.1446,1.442,NMC-LMO,SNL_NMC-LMO_85SOC_b
11.0,27.132,4.1474,1.471,NMC-LMO,SNL_NMC-LMO_85SOC_b
12.0,25.16,4.1428,1.53,NMC-LMO,SNL_NMC-LMO_85SOC_b
13.0,24.838,4.1432,1.414,NMC-LMO,SNL_NMC-LMO_85SOC_b
14.0,25.696,4.1466,1.515,NMC-LMO,SNL_NMC-LMO_85SOC_b
15.0,25.466,4.1474,1.502,NMC-LMO,SNL_NMC-LMO_85SOC_b
16.0,25.926,4.1448,1.517,NMC-LMO,SNL_NMC-LMO_85SOC_b
17.0,24.802,4.1409,1.513,NMC-LMO,SNL_NMC-LMO_85SOC_b
18.0,25.718,4.142,1.502,NMC-LMO,SNL_NMC-LMO_85SOC_b
19.0,25.754,4.14,1.546,NMC-LMO,SNL_NMC-LMO_85SOC_b
20.0,26.004,4.1448,1.558,NMC-LMO,SNL_NMC-LMO_85SOC_b
21.0,25.893,4.1457,1.461,NMC-LMO,SNL_NMC-LMO_85SOC_b
22.0,25.779,4.1425,1.531,NMC-LMO,SNL_NMC-LMO_85SOC_b
23.0,26.155,4.1435,1.469,NMC-LMO,SNL_NMC-LMO_85SOC_b
24.0,25.991,4.1444,1.495,NMC-LMO,SNL_NMC-LMO_85SOC_b
25.0,26.421,4.1442,1.54,NMC-LMO,SNL_NMC-LMO_85SOC_b
26.0,24.903,4.1453,1.487,NMC-LMO,SNL_NMC-LMO_85SOC_b
27.0,24.997,4.1405,1.461,NMC-LMO,SNL_NMC-LMO_85SOC_b
28.0,25.896,4.1406,1.43,NMC-LMO,SNL_NMC-LMO_85SOC_b
29.0,25.474,4.1397,1.489,NMC-LMO,SNL_NMC-LMO_85SOC_b
30.0,26.374,4.142,1.454,NMC-LMO,SNL_NMC-LMO_85SOC_b
31.0,26.297,4.1417,1.513,NMC-LMO,SNL_NMC-LMO_85SOC_b
32.0,26.254,4.1406,1.489,NMC-LMO,SNL_NMC-LMO_85SOC_b
33.0,26.718,4.1412,1.498,NMC-LMO,SNL_NMC-LMO_85SOC_b
34.0,25.807,4.1399,1.501,NMC-LMO,SNL_NMC-LMO_85SOC_b
35.0,26.446,4.1439,1.526,NMC-LMO,SNL_NMC-LMO_85SOC_b
36.0,26.621,4.1413,1.495,NMC-LMO,SNL_NMC-LMO_85SOC_b
37.0,27.809,4.1381,1.484,NMC-LMO,SNL_NMC-LMO_85SOC_b
38.0,25.965,4.1379,1.488,NMC-LMO,SNL_NMC-LMO_85SOC_b
39.0,26.99,4.1389,1.437,NMC-LMO,SNL_NMC-LMO_85SOC_b
40.0,26.463,4.1373,1.365,NMC-LMO,SNL_NMC-LMO_85SOC_b
41.0,26.795,4.1363,1.535,NMC-LMO,SNL_NMC-LMO_85SOC_b
42.0,26.03,4.1393,1.518,NMC-LMO,SNL_NMC-LMO_85SOC_b
43.0,26.71,4.137,1.463,NMC-LMO,SNL_NMC-LMO_85SOC_b
44.0,26.164,4.1346,1.489,NMC-LMO,SNL_NMC-LMO_85SOC_b
45.0,27.071,4.1372,1.54,NMC-LMO,SNL_NMC-LMO_85SOC_b
46.0,27.154,4.1347,1.526,NMC-LMO,SNL_NMC-LMO_85SOC_b
47.0,26.22,4.1385,1.468,NMC-LMO,SNL_NMC-LMO_85SOC_b
48.0,27.187,4.1381,1.359,NMC-LMO,SNL_NMC-LMO_85SOC_b
49.0,25.836,4.1338,1.531,NMC-LMO,SNL_NMC-LMO_85SOC_b
50.0,26.39,4.1328,1.515,NMC-LMO,SNL_NMC-LMO_85SOC_b
51.0,26.208,4.1354,1.497,NMC-LMO,SNL_NMC-LMO_85SOC_b
52.0,27.265,4.1354,1.47,NMC-LMO,SNL_NMC-LMO_85SOC_b
53.0,26.79,4.1383,1.488,NMC-LMO,SNL_NMC-LMO_85SOC_b
54.0,25.935,4.1318,1.587,NMC-LMO,SNL_NMC-LMO_85SOC_b
55.0,27.1,4.1333,1.523,NMC-LMO,SNL_NMC-LMO_85SOC_b
56.0,28.335,4.1343,1.464,NMC-LMO,SNL_NMC-LMO_85SOC_b
57.0,26.607,4.1309,1.498,NMC-LMO,SNL_NMC-LMO_85SOC_b
58.0,27.308,4.1289,1.509,NMC-LMO,SNL_NMC-LMO_85SOC_b
59.0,27.25,4.1319,1.541,NMC-LMO,SNL_NMC-LMO_85SOC_b
60.0,26.956,4.1316,1.495,NMC-LMO,SNL_NMC-LMO_85SOC_b
61.0,27.681,4.1339,1.515,NMC-LMO,SNL_NMC-LMO_85SOC_b
62.0,27.082,4.1323,1.469,NMC-LMO,SNL_NMC-LMO_85SOC_b
63.0,27.133,4.1327,1.451,NMC-LMO,SNL_NMC-LMO_85SOC_b
64.0,28.207,4.1344,1.543,NMC-LMO,SNL_NMC-LMO_85SOC_b
65.0,27.478,4.1305,1.505,NMC-LMO,SNL_NMC-LMO_85SOC_b
66.0,27.118,4.1272,1.495,NMC-LMO,SNL_NMC-LMO_85SOC_b
67.0,27.085,4.1301,1.54,NMC-LMO,SNL_NMC-LMO_85SOC_b
68.0,26.924,4.1301,1.492,NMC-LMO,SNL_NMC-LMO_85SOC_b
69.0,27.97,4.1337,1.486,NMC-LMO,SNL_NMC-LMO_85SOC_b
70.0,27.951,4.1268,1.564,NMC-LMO,SNL_NMC-LMO_85SOC_b
71.0,28.648,4.1269,1.552,NMC-LMO,SNL_NMC-LMO_85SOC_b
72.0,27.713,4.1282,1.545,NMC-LMO,SNL_NMC-LMO_85SOC_b
73.0,27.591,4.1306,1.54,NMC-LMO,SNL_NMC-LMO_85SOC_b
74.0,26.976,4.1297,1.475,NMC-LMO,SNL_NMC-LMO_85SOC_b
75.0,27.478,4.1243,1.537,NMC-LMO,SNL_NMC-LMO_85SOC_b
76.0,27.855,4.1295,1.552,NMC-LMO,SNL_NMC-LMO_85SOC_b
77.0,27.875,4.1283,1.619,NMC-LMO,SNL_NMC-LMO_85SOC_b
78.0,28.584,4.1242,1.483,NMC-LMO,SNL_NMC-LMO_85SOC_b
79.0,28.15,4.1285,1.472,NMC-LMO,SNL_NMC-LMO_85SOC_b
80.0,26.614,4.1244,1.493,NMC-LMO,SNL_NMC-LMO_85SOC_b
81.0,27.961,4.1267,1.461,NMC-LMO,SNL_NMC-LMO_85SOC_b
82.0,28.481,4.125,1.592,NMC-LMO,SNL_NMC-LMO_85SOC_b
83.0,27.881,4.1259,1.555,NMC-LMO,SNL_NMC-LMO_85SOC_b
84.0,28.571,4.1266,1.494,NMC-LMO,SNL_NMC-LMO_85SOC_b
85.0,26.392,4.1219,1.406,NMC-LMO,SNL_NMC-LMO_85SOC_b
86.0,27.94,4.1202,1.438,NMC-LMO,SNL_NMC-LMO_85SOC_b
87.0,28.314,4.1261,1.486,NMC-LMO,SNL_NMC-LMO_85SOC_b
88.0,28.619,4.1243,1.465,NMC-LMO,SNL_NMC-LMO_85SOC_b
89.0,29.748,4.1252,1.579,NMC-LMO,SNL_NMC-LMO_85SOC_b
90.0,28.688,4.1253,1.44,NMC-LMO,SNL_NMC-LMO_85SOC_b
91.0,28.202,4.125,1.454,NMC-LMO,SNL_NMC-LMO_85SOC_b
92.0,30.04,4.1209,1.525,NMC-LMO,SNL_NMC-LMO_85SOC_b
93.0,28.35,4.1211,1.545,NMC-LMO,SNL_NMC-LMO_85SOC_b
94.0,26.914,4.1209,1.482,NMC-LMO,SNL_NMC-LMO_85SOC_b
95.0,28.314,4.1254,1.499,NMC-LMO,SNL_NMC-LMO_85SOC_b
96.0,29.423,4.1217,1.459,NMC-LMO,SNL_NMC-LMO_85SOC_b
97.0,28.854,4.1236,1.497,NMC-LMO,SNL_NMC-LMO_85SOC_b
98.0,29.022,4.1213,1.514,NMC-LMO,SNL_NMC-LMO_85SOC_b
99.0,29.005,4.1248,1.514,NMC-LMO,SNL_NMC-LMO_85SOC_b
100.0,29.052,4.1225,1.443,NMC-LMO,SNL_NMC-LMO_85SOC_b
101.0,28.845,4.1149,1.474,NMC-LMO,SNL_NMC-LMO_85SOC_b
102.0,27.544,4.1223,1.492,NMC-LMO,SNL_NMC-LMO_85SOC_b
103.0,29.514,4.1173,1.578,NMC-LMO,SNL_NMC-LMO_85SOC_b
104.0,29.108,4.1187,1.525,NMC-LMO,SNL_NMC-LMO_85SOC_b
105.0,29.041,4.124,1.458,NMC-LMO,SNL_NMC-LMO_85SOC_b
106.0,29.658,4.1199,1.426,NMC-LMO,SNL_NMC-LMO_85SOC_b
107.0,28.952,4.1138,1.509,NMC-LMO,SNL_NMC-LMO_85SOC_b
108.0,29.591,4.1157,1.509,NMC-LMO,SNL_NMC-LMO_85SOC_b
109.0,28.727,4.1203,1.463,NMC-LMO,SNL_NMC-LMO_85SOC_b
110.0,29.571,4.1182,1.502,NMC-LMO,SNL_NMC-LMO_85SOC_b
111.0,29.337,4.1143,1.609,NMC-LMO,SNL_NMC-LMO_85SOC_b
112.0,29.346,4.117,1.44,NMC-LMO,SNL_NMC-LMO_85SOC_b
113.0,30.237,4.1192,1.55,NMC-LMO,SNL_NMC-LMO_85SOC_b
114.0,29.121,4.1168,1.373,NMC-LMO,SNL_NMC-LMO_85SOC_b
115.0,30.258,4.1177,1.519,NMC-LMO,SNL_NMC-LMO_85SOC_b
116.0,28.878,4.1168,1.555,NMC-LMO,SNL_NMC-LMO_85SOC_b
117.0,29.303,4.1147,1.42,NMC-LMO,SNL_NMC-LMO_85SOC_b
118.0,29.271,4.1097,1.475,NMC-LMO,SNL_NMC-LMO_85SOC_b
119.0,29.103,4.1144,1.504,NMC-LMO,SNL_NMC-LMO_85SOC_b
120.0,29.396,4.1156,1.577,NMC-LMO,SNL_NMC-LMO_85SOC_b
121.0,29.288,4.1151,1.531,NMC-LMO,SNL_NMC-LMO_85SOC_b
122.0,28.671,4.1147,1.444,NMC-LMO,SNL_NMC-LMO_85SOC_b
123.0,29.647,4.1092,1.465,NMC-LMO,SNL_NMC-LMO_85SOC_b
124.0,28.716,4.1134,1.544,NMC-LMO,SNL_NMC-LMO_85SOC_b
125.0,29.054,4.1116,1.509,NMC-LMO,SNL_NMC-LMO_85SOC_b
126.0,29.401,4.1134,1.522,NMC-LMO,SNL_NMC-LMO_85SOC_b
127.0,30.414,4.1125,1.535,NMC-LMO,SNL_NMC-LMO_85SOC_b
128.0,29.344,4.1083,1.485,NMC-LMO,SNL_NMC-LMO_85SOC_b
129.0,29.689,4.1066,1.527,NMC-LMO,SNL_NMC-LMO_85SOC_b
130.0,29.399,4.1142,1.585,NMC-LMO,SNL_NMC-LMO_85SOC_b
131.0,29.113,4.1129,1.432,NMC-LMO,SNL_NMC-LMO_85SOC_b
132.0,29.569,4.1091,1.469,NMC-LMO,SNL_NMC-LMO_85SOC_b
133.0,28.658,4.1064,1.514,NMC-LMO,SNL_NMC-LMO_85SOC_b
134.0,31.022,4.1089,1.495,NMC-LMO,SNL_NMC-LMO_85SOC_b
135.0,30.81,4.1137,1.529,NMC-LMO,SNL_NMC-LMO_85SOC_b
136.0,30.158,4.1128,1.576,NMC-LMO,SNL_NMC-LMO_85SOC_b
137.0,30.823,4.1069,1.495,NMC-LMO,SNL_NMC-LMO_85SOC_b
138.0,30.098,4.1067,1.549,NMC-LMO,SNL_NMC-LMO_85SOC_b
139.0,30.448,4.1103,1.506,NMC-LMO,SNL_NMC-LMO_85SOC_b
140.0,30.362,4.1091,1.549,NMC-LMO,SNL_NMC-LMO_85SOC_b
141.0,30.802,4.1093,1.37,NMC-LMO,SNL_NMC-LMO_85SOC_b
142.0,30.17,4.1065,1.462,NMC-LMO,SNL_NMC-LMO_85SOC_b
143.0,30.925,4.106,1.52,NMC-LMO,SNL_NMC-LMO_85SOC_b
144.0,30.797,4.1051,1.521,NMC-LMO,SNL_NMC-LMO_85SOC_b
145.0,30.564,4.1085,1.53,NMC-LMO,SNL_NMC-LMO_85SOC_b
146.0,29.443,4.1024,1.563,NMC-LMO,SNL_NMC-LMO_85SOC_b
147.0,29.798,4.1056,1.559,NMC-LMO,SNL_NMC-LMO_85SOC_b
148.0,30.202,4.1041,1.522,NMC-LMO,SNL_NMC-LMO_85SOC_b
149.0,31.456,4.1066,1.499,NMC-LMO,SNL_NMC-LMO_85SOC_b
150.0,30.423,4.1041,1.484,NMC-LMO,SNL_NMC-LMO_85SOC_b
151.0,31.089,4.1029,1.498,NMC-LMO,SNL_NMC-LMO_85SOC_b
152.0,29.557,4.1048,1.462,NMC-LMO,SNL_NMC-LMO_85SOC_b
153.0,30.646,4.1077,1.544,NMC-LMO,SNL_NMC-LMO_85SOC_b
154.0,30.982,4.1037,1.505,NMC-LMO,SNL_NMC-LMO_85SOC_b
155.0,30.821,4.1037,1.458,NMC-LMO,SNL_NMC-LMO_85SOC_b
156.0,31.755,4.1032,1.459,NMC-LMO,SNL_NMC-LMO_85SOC_b
157.0,30.545,4.1044,1.538,NMC-LMO,SNL_NMC-LMO_85SOC_b
158.0,31.658,4.107,1.506,NMC-LMO,SNL_NMC-LMO_85SOC_b
159.0,29.726,4.1012,1.438,NMC-LMO,SNL_NMC-LMO_85SOC_b
160.0,31.412,4.1025,1.45,NMC-LMO,SNL_NMC-LMO_85SOC_b
161.0,31.409,4.1041,1.454,NMC-LMO,SNL_NMC-LMO_85SOC_b
162.0,32.069,4.1021,1.455,NMC-LMO,SNL_NMC-LMO_85SOC_b
163.0,31.01,4.0999,1.415,NMC-LMO,SNL_NMC-LMO_85SOC_b
164.0,31.362,4.1024,1.494,NMC-LMO,SNL_NMC-LMO_85SOC_b
165.0,30.918,4.1005,1.428,NMC-LMO,SNL_NMC-LMO_85SOC_b
166.0,31.641,4.0968,1.511,NMC-LMO,SNL_NMC-LMO_85SOC_b
167.0,32.415,4.0995,1.59,NMC-LMO,SNL_NMC-LMO_85SOC_b
168.0,32.52,4.101,1.504,NMC-LMO,SNL_NMC-LMO_85SOC_b
169.0,31.199,4.1015,1.527,NMC-LMO,SNL_NMC-LMO_85SOC_b
170.0,32.149,4.1001,1.488,NMC-LMO,SNL_NMC-LMO_85SOC_b
171.0,31.585,4.0984,1.448,NMC-LMO,SNL_NMC-LMO_85SOC_b
172.0,31.017,4.0952,1.469,NMC-LMO,SNL_NMC-LMO_85SOC_b
173.0,31.953,4.0991,1.48,NMC-LMO,SNL_NMC-LMO_85SOC_b
174.0,31.42,4.0994,1.502,NMC-LMO,SNL_NMC-LMO_85SOC_b
175.0,31.358,4.0969,1.399,NMC-LMO,SNL_NMC-LMO_85SOC_b
176.0,30.647,4.0982,1.584,NMC-LMO,SNL_NMC-LMO_85SOC_b
177.0,31.661,4.096,1.604,NMC-LMO,SNL_NMC-LMO_85SOC_b
178.0,31.997,4.0958,1.605,NMC-LMO,SNL_NMC-LMO_85SOC_b
179.0,32.306,4.0992,1.425,NMC-LMO,SNL_NMC-LMO_85SOC_b
180.0,32.055,4.0961,1.434,NMC-LMO,SNL_NMC-LMO_85SOC_b
181.0,32.887,4.098,1.547,NMC-LMO,SNL_NMC-LMO_85SOC_b
182.0,32.037,4.0963,1.59,NMC-LMO,SNL_NMC-LMO_85SOC_b
183.0,32.236,4.0996,1.468,NMC-LMO,SNL_NMC-LMO_85SOC_b
184.0,32.876,4.0952,1.504,NMC-LMO,SNL_NMC-LMO_85SOC_b
185.0,32.259,4.0929,1.548,NMC-LMO,SNL_NMC-LMO_85SOC_b
186.0,32.828,4.0969,1.55,NMC-LMO,SNL_NMC-LMO_85SOC_b
187.0,32.687,4.0937,1.483,NMC-LMO,SNL_NMC-LMO_85SOC_b
188.0,32.42,4.0956,1.496,NMC-LMO,SNL_NMC-LMO_85SOC_b
189.0,33.028,4.0939,1.469,NMC-LMO,SNL_NMC-LMO_85SOC_b
190.0,31.72,4.0973,1.477,NMC-LMO,SNL_NMC-LMO_85SOC_b
191.0,32.686,4.0895,1.541,NMC-LMO,SNL_NMC-LMO_85SOC_b
192.0,33.039,4.093,1.596,NMC-LMO,SNL_NMC-LMO_85SOC_b
193.0,32.957,4.091,1.429,NMC-LMO,SNL_NMC-LMO_85SOC_b
194.0,32.319,4.0922,1.441,NMC-LMO,SNL_NMC-LMO_85SOC_b
195.0,31.872,4.0895,1.51,NMC-LMO,SNL_NMC-LMO_85SOC_b
196.0,32.944,4.0885,1.583,NMC-LMO,SNL_NMC-LMO_85SOC_b
197.0,32.98,4.0897,1.52,NMC-LMO,SNL_NMC-LMO_85SOC_b
198.0,31.41,4.0892,1.5,NMC-LMO,SNL_NMC-LMO_85SOC_b
199.0,33.12,4.0888,1.417,NMC-LMO,SNL_NMC-LMO_85SOC_b
200.0,32.189,4.0886,1.423,NMC-LMO,SNL_NMC-LMO_85SOC_b
201.0,32.765,4.0886,1.508,NMC-LMO,SNL_NMC-LMO_85SOC_b
202.0,33.488,4.0923,1.541,NMC-LMO,SNL_NMC-LMO_85SOC_b
203.0,32.689,4.0893,1.549,NMC-LMO,SNL_NMC-LMO_85SOC_b
204.0,32.719,4.0888,1.443,NMC-LMO,SNL_NMC-LMO_85SOC_b
205.0,33.514,4.0878,1.511,NMC-LMO,SNL_NMC-LMO_85SOC_b
206.0,33.227,4.087,1.471,NMC-LMO,SNL_NMC-LMO_85SOC_b
207.0,32.813,4.086,1.548,NMC-LMO,SNL_NMC-LMO_85SOC_b
208.0,33.772,4.0873,1.418,NMC-LMO,SNL_NMC-LMO_85SOC_b
209.0,32.634,4.0879,1.38,NMC-LMO,SNL_NMC-LMO_85SOC_b
210.0,32.346,4.0832,1.436,NMC-LMO,SNL_NMC-LMO_85SOC_b
211.0,32.522,4.0867,1.529,NMC-LMO,SNL_NMC-LMO_85SOC_b
212.0,33.217,4.0845,1.509,NMC-LMO,SNL_NMC-LMO_85SOC_b
213.0,33.364,4.0841,1.535,NMC-LMO,SNL_NMC-LMO_85SOC_b
214.0,32.924,4.0829,1.521,NMC-LMO,SNL_NMC-LMO_85SOC_b
215.0,33.241,4.0847,1.514,NMC-LMO,SNL_NMC-LMO_85SOC_b
216.0,33.196,4.0839,1.465,NMC-LMO,SNL_NMC-LMO_85SOC_b
217.0,34.108,4.084,1.476,NMC-LMO,SNL_NMC-LMO_85SOC_b
218.0,33.14,4.0853,1.422,NMC-LMO,SNL_NMC-LMO_85SOC_b
219.0,33.627,4.0808,1.477,NMC-LMO,SNL_NMC-LMO_85SOC_b
220.0,34.1,4.0836,1.45,NMC-LMO,SNL_NMC-LMO_85SOC_b
221.0,32.984,4.0807,1.493,NMC-LMO,SNL_NMC-LMO_85SOC_b
222.0,32.382,4.0829,1.436,NMC-LMO,SNL_NMC-LMO_85SOC_b
223.0,32.328,4.0805,1.552,NMC-LMO,SNL_NMC-LMO_85SOC_b
224.0,33.474,4.0821,1.43,NMC-LMO,SNL_NMC-LMO_85SOC_b
225.0,34.123,4.0835,1.493,NMC-LMO,SNL_NMC-LMO_85SOC_b
226.0,33.824,4.0805,1.457,NMC-LMO,SNL_NMC-LMO_85SOC_b
227.0,32.959,4.0836,1.441,NMC-LMO,SNL_NMC-LMO_85SOC_b
228.0,33.791,4.0812,1.48,NMC-LMO,SNL_NMC-LMO_85SOC_b
229.0,31.985,4.0819,1.506,NMC-LMO,SNL_NMC-LMO_85SOC_b
230.0,33.71,4.0824,1.504,NMC-LMO,SNL_NMC-LMO_85SOC_b
231.0,33.094,4.0804,1.497,NMC-LMO,SNL_NMC-LMO_85SOC_b
232.0,33.885,4.0807,1.448,NMC-LMO,SNL_NMC-LMO_85SOC_b
233.0,33.202,4.0805,1.436,NMC-LMO,SNL_NMC-LMO_85SOC_b
234.0,32.851,4.0802,1.529,NMC-LMO,SNL_NMC-LMO_85SOC_b
235.0,33.708,4.0777,1.508,NMC-LMO,SNL_NMC-LMO_85SOC_b
236.0,35.073,4.0767,1.558,NMC-LMO,SNL_NMC-LMO_85SOC_b
237.0,33.225,4.0824,1.523,NMC-LMO,SNL_NMC-LMO_85SOC_b
238.0,34.029,4.0778,1.547,NMC-LMO,SNL_NMC-LMO_85SOC_b
239.0,33.941,4.0832,1.43,NMC-LMO,SNL_NMC-LMO_85SOC_b
240.0,33.608,4.0793,1.542,NMC-LMO,SNL_NMC-LMO_85SOC_b
241.0,33.092,4.0797,1.442,NMC-LMO,SNL_NMC-LMO_85SOC_b
242.0,34.824,4.0765,1.508,NMC-LMO,SNL_NMC-LMO_85SOC_b
243.0,34.684,4.0779,1.52,NMC-LMO,SNL_NMC-LMO_85SOC_b
244.0,33.301,4.077,1.446,NMC-LMO,SNL_NMC-LMO_85SOC_b
245.0,33.591,4.0778,1.483,NMC-LMO,SNL_NMC-LMO_85SOC_b
246.0,34.798,4.0779,1.535,NMC-LMO,SNL_NMC-LMO_85SOC_b
247.0,33.416,4.0748,1.456,NMC-LMO,SNL_NMC-LMO_85SOC_b
248.0,34.099,4.0742,1.591,NMC-LMO,SNL_NMC-LMO_85SOC_b
249.0,35.514,4.077,1.462,NMC-LMO,SNL_NMC-LMO_85SOC_b
250.0,35.081,4.0762,1.512,NMC-LMO,SNL_NMC-LMO_85SOC_b
251.0,34.44,4.0738,1.368,NMC-LMO,SNL_NMC-LMO_85SOC_b
252.0,34.91,4.0735,1.477,NMC-LMO,SNL_NMC-LMO_85SOC_b
253.0,34.007,4.0771,1.533,NMC-LMO,SNL_NMC-LMO_85SOC_b
254.0,34.953,4.0759,1.481,NMC-LMO,SNL_NMC-LMO_85SOC_b
255.0,34.747,4.0735,1.503,NMC-LMO,SNL_NMC-LMO_85SOC_b
256.0,34.382,4.0723,1.426,NMC-LMO,SNL_NMC-LMO_85SOC_b
257.0,34.701,4.0713,1.526,NMC-LMO,SNL_NMC-LMO_85SOC_b
258.0,35.464,4.074,1.472,NMC-LMO,SNL_NMC-LMO_85SOC_b
259.0,34.687,4.0734,1.532,NMC-LMO,SNL_NMC-LMO_85SOC_b
260.0,34.724,4.0739,1.456,NMC-LMO,SNL_NMC-LMO_85SOC_b
261.0,34.329,4.07,1.495,NMC-LMO,SNL_NMC-LMO_85SOC_b
262.0,35.992,4.0676,1.486,NMC-LMO,SNL_NMC-LMO_85SOC_b
263.0,34.168,4.0698,1.518,NMC-LMO,SNL_NMC-LMO_85SOC_b
264.0,34.78,4.0697,1.5,NMC-LMO,SNL_NMC-LMO_85SOC_b
265.0,34.749,4.0676,1.461,NMC-LMO,SNL_NMC-LMO_85SOC_b
266.0,35.56,4.0719,1.577,NMC-LMO,SNL_NMC-LMO_85SOC_b
267.0,35.325,4.0713,1.552,NMC-LMO,SNL_NMC-LMO_85SOC_b
268.0,35.19,4.0694,1.408,NMC-LMO,SNL_NMC-LMO_85SOC_b
269.0,36.377,4.066,1.375,NMC-LMO,SNL_NMC-LMO_85SOC_b
270.0,34.711,4.071,1.451,NMC-LMO,SNL_NMC-LMO_85SOC_b
271.0,34.701,4.0697,1.505,NMC-LMO,SNL_NMC-LMO_85SOC_b
272.0,35.669,4.0689,1.44,NMC-LMO,SNL_NMC-LMO_85SOC_b
273.0,35.419,4.0678,1.445,NMC-LMO,SNL_NMC-LMO_85SOC_b
274.0,35.76,4.0693,1.533,NMC-LMO,SNL_NMC-LMO_85SOC_b
275.0,34.823,4.0664,1.531,NMC-LMO,SNL_NMC-LMO_85SOC_b
276.0,35.96,4.0692,1.508,NMC-LMO,SNL_NMC-LMO_85SOC_b
277.0,36.385,4.0696,1.488,NMC-LMO,SNL_NMC-LMO_85SOC_b
278.0,35.071,4.0698,1.503,NMC-LMO,SNL_NMC-LMO_85SOC_b
279.0,35.678,4.0656,1.544,NMC-LMO,SNL_NMC-LMO_85SOC_b
280.0,34.759,4.0673,1.539,NMC-LMO,SNL_NMC-LMO_85SOC_b
281.0,37.514,4.0635,1.563,NMC-LMO,SNL_NMC-LMO_85SOC_b
282.0,36.022,4.0685,1.497,NMC-LMO,SNL_NMC-LMO_85SOC_b
283.0,36.097,4.0614,1.534,NMC-LMO,SNL_NMC-LMO_85SOC_b
284.0,35.148,4.061,1.494,NMC-LMO,SNL_NMC-LMO_85SOC_b
285.0,34.484,4.0619,1.527,NMC-LMO,SNL_NMC-LMO_85SOC_b
286.0,35.369,4.065,1.485,NMC-LMO,SNL_NMC-LMO_85SOC_b
287.0,36.442,4.0654,1.443,NMC-LMO,SNL_NMC-LMO_85SOC_b
288.0,35.943,4.0642,1.474,NMC-LMO,SNL_NMC-LMO_85SOC_b
289.0,36.067,4.0625,1.517,NMC-LMO,SNL_NMC-LMO_85SOC_b
290.0,35.529,4.0638,1.505,NMC-LMO,SNL_NMC-LMO_85SOC_b
291.0,35.66,4.0614,1.561,NMC-LMO,SNL_NMC-LMO_85SOC_b
292.0,36.683,4.0626,1.543,NMC-LMO,SNL_NMC-LMO_85SOC_b
293.0,36.619,4.061,1.57,NMC-LMO,SNL_NMC-LMO_85SOC_b
294.0,36.785,4.0607,1.52,NMC-LMO,SNL_NMC-LMO_85SOC_b
295.0,36.235,4.0638,1.499,NMC-LMO,SNL_NMC-LMO_85SOC_b
296.0,35.529,4.0623,1.524,NMC-LMO,SNL_NMC-LMO_85SOC_b
297.0,37.419,4.0609,1.612,NMC-LMO,SNL_NMC-LMO_85SOC_b
298.0,36.538,4.0645,1.421,NMC-LMO,SNL_NMC-LMO_85SOC_b
299.0,37.461,4.0583,1.454,NMC-LMO,SNL_NMC-LMO_85SOC_b
300.0,35.967,4.0604,1.564,NMC-LMO,SNL_NMC-LMO_85SOC_b
301.0,36.051,4.0583,1.455,NMC-LMO,SNL_NMC-LMO_85SOC_b
302.0,36.956,4.06,1.568,NMC-LMO,SNL_NMC-LMO_85SOC_b
303.0,36.327,4.0576,1.457,NMC-LMO,SNL_NMC-LMO_85SOC_b
304.0,37.259,4.0609,1.538,NMC-LMO,SNL_NMC-LMO_85SOC_b
305.0,34.946,4.055,1.429,NMC-LMO,SNL_NMC-LMO_85SOC_b
306.0,36.387,4.0567,1.418,NMC-LMO,SNL_NMC-LMO_85SOC_b
307.0,37.425,4.0579,1.515,NMC-LMO,SNL_NMC-LMO_85SOC_b
308.0,36.625,4.0581,1.42,NMC-LMO,SNL_NMC-LMO_85SOC_b
309.0,36.995,4.0588,1.442,NMC-LMO,SNL_NMC-LMO_85SOC_b
310.0,36.078,4.0585,1.515,NMC-LMO,SNL_NMC-LMO_85SOC_b
311.0,35.308,4.0524,1.551,NMC-LMO,SNL_NMC-LMO_85SOC_b
312.0,37.175,4.0566,1.491,NMC-LMO,SNL_NMC-LMO_85SOC_b
313.0,38.065,4.0536,1.501,NMC-LMO,SNL_NMC-LMO_85SOC_b
314.0,37.115,4.0543,1.499,NMC-LMO,SNL_NMC-LMO_85SOC_b
315.0,36.01,4.0583,1.534,NMC-LMO,SNL_NMC-LMO_85SOC_b
316.0,38.227,4.0551,1.449,NMC-LMO,SNL_NMC-LMO_85SOC_b
317.0,37.014,4.0548,1.529,NMC-LMO,SNL_NMC-LMO_85SOC_b
318.0,37.155,4.0552,1.539,NMC-LMO,SNL_NMC-LMO_85SOC_b
319.0,37.047,4.0531,1.385,NMC-LMO,SNL_NMC-LMO_85SOC_b
320.0,37.106,4.0571,1.51,NMC-LMO,SNL_NMC-LMO_85SOC_b
321.0,37.354,4.0511,1.522,NMC-LMO,SNL_NMC-LMO_85SOC_b
322.0,37.362,4.0566,1.489,NMC-LMO,SNL_NMC-LMO_85SOC_b
323.0,38.104,4.0544,1.419,NMC-LMO,SNL_NMC-LMO_85SOC_b
324.0,37.277,4.0576,1.524,NMC-LMO,SNL_NMC-LMO_85SOC_b
325.0,36.89,4.0501,1.383,NMC-LMO,SNL_NMC-LMO_85SOC_b
326.0,37.88,4.0515,1.438,NMC-LMO,SNL_NMC-LMO_85SOC_b
327.0,37.839,4.0558,1.577,NMC-LMO,SNL_NMC-LMO_85SOC_b
328.0,37.305,4.0507,1.599,NMC-LMO,SNL_NMC-LMO_85SOC_b
329.0,38.138,4.0508,1.463,NMC-LMO,SNL_NMC-LMO_85SOC_b
330.0,38.956,4.0503,1.521,NMC-LMO,SNL_NMC-LMO_85SOC_b
331.0,37.649,4.0527,1.528,NMC-LMO,SNL_NMC-LMO_85SOC_b
332.0,37.237,4.0525,1.481,NMC-LMO,SNL_NMC-LMO_85SOC_b
333.0,36.427,4.0476,1.425,NMC-LMO,SNL_NMC-LMO_85SOC_b
334.0,37.933,4.0483,1.509,NMC-LMO,SNL_NMC-LMO_85SOC_b
335.0,37.738,4.051,1.568,NMC-LMO,SNL_NMC-LMO_85SOC_b
336.0,37.263,4.0497,1.505,NMC-LMO,SNL_NMC-LMO_85SOC_b
337.0,38.149,4.0464,1.482,NMC-LMO,SNL_NMC-LMO_85SOC_b
338.0,38.499,4.0496,1.493,NMC-LMO,SNL_NMC-LMO_85SOC_b
339.0,37.824,4.0466,1.504,NMC-LMO,SNL_NMC-LMO_85SOC_b
340.0,38.676,4.0478,1.544,NMC-LMO,SNL_NMC-LMO_85SOC_b
341.0,37.663,4.0481,1.519,NMC-LMO,SNL_NMC-LMO_85SOC_b
342.0,38.287,4.0484,1.456,NMC-LMO,SNL_NMC-LMO_85SOC_b
343.0,38.888,4.0491,1.547,NMC-LMO,SNL_NMC-LMO_85SOC_b
344.0,37.53,4.0466,1.523,NMC-LMO,SNL_NMC-LMO_85SOC_b
345.0,37.427,4.0456,1.524,NMC-LMO,SNL_NMC-LMO_85SOC_b
346.0,37.745,4.0456,1.441,NMC-LMO,SNL_NMC-LMO_85SOC_b
347.0,38.306,4.0508,1.491,NMC-LMO,SNL_NMC-LMO_85SOC_b
348.0,38.05,4.0456,1.487,NMC-LMO,SNL_NMC-LMO_85SOC_b
349.0,38.523,4.0495,1.542,NMC-LMO,SNL_NMC-LMO_85SOC_b
350.0,38.815,4.0454,1.579,NMC-LMO,SNL_NMC-LMO_85SOC_b
351.0,38.8,4.0472,1.543,NMC-LMO,SNL_NMC-LMO_85SOC_b
352.0,38.371,4.0409,1.563,NMC-LMO,SNL_NMC-LMO_85SOC_b
353.0,39.043,4.0432,1.555,NMC-LMO,SNL_NMC-LMO_85SOC_b
354.0,38.59,4.0428,1.524,NMC-LMO,SNL_NMC-LMO_85SOC_b
355.0,38.934,4.0412,1.545,NMC-LMO,SNL_NMC-LMO_85SOC_b
356.0,38.62,4.0451,1.438,NMC-LMO,SNL_NMC-LMO_85SOC_b
357.0,38.167,4.0448,1.539,NMC-LMO,SNL_NMC-LMO_85SOC_b
358.0,39.7,4.0403,1.434,NMC-LMO,SNL_NMC-LMO_85SOC_b
359.0,38.248,4.0463,1.47,NMC-LMO,SNL_NMC-LMO_85SOC_b
360.0,38.07,4.041,1.461,NMC-LMO,SNL_NMC-LMO_85SOC_b
361.0,39.35,4.0416,1.498,NMC-LMO,SNL_NMC-LMO_85SOC_b
362.0,39.211,4.0417,1.565,NMC-LMO,SNL_NMC-LMO_85SOC_b
363.0,38.306,4.0416,1.439,NMC-LMO,SNL_NMC-LMO_85SOC_b
364.0,39.802,4.0424,1.486,NMC-LMO,SNL_NMC-LMO_85SOC_b
365.0,39.319,4.0392,1.508,NMC-LMO,SNL_NMC-LMO_85SOC_b
366.0,38.414,4.0377,1.483,NMC-LMO,SNL_NMC-LMO_85SOC_b
367.0,39.057,4.0413,1.473,NMC-LMO,SNL_NMC-LMO_85SOC_b
368.0,39.13,4.0407,1.502,NMC-LMO,SNL_NMC-LMO_85SOC_b
369.0,39.27,4.0378,1.482,NMC-LMO,SNL_NMC-LMO_85SOC_b
370.0,39.461,4.0377,1.497,NMC-LMO,SNL_NMC-LMO_85SOC_b
371.0,38.724,4.0376,1.556,NMC-LMO,SNL_NMC-LMO_85SOC_b
372.0,39.895,4.0405,1.473,NMC-LMO,SNL_NMC-LMO_85SOC_b
373.0,40.357,4.0377,1.348,NMC-LMO,SNL_NMC-LMO_85SOC_b
374.0,39.075,4.0383,1.52,NMC-LMO,SNL_NMC-LMO_85SOC_b
375.0,39.473,4.0392,1.506,NMC-LMO,SNL_NMC-LMO_85SOC_b
376.0,40.354,4.0377,1.486,NMC-LMO,SNL_NMC-LMO_85SOC_b
377.0,38.781,4.0377,1.507,NMC-LMO,SNL_NMC-LMO_85SOC_b
378.0,38.999,4.035,1.366,NMC-LMO,SNL_NMC-LMO_85SOC_b
379.0,39.244,4.0334,1.535,NMC-LMO,SNL_NMC-LMO_85SOC_b
380.0,39.409,4.0371,1.472,NMC-LMO,SNL_NMC-LMO_85SOC_b
381.0,39.884,4.0344,1.483,NMC-LMO,SNL_NMC-LMO_85SOC_b
382.0,38.99,4.0342,1.546,NMC-LMO,SNL_NMC-LMO_85SOC_b
383.0,38.841,4.0372,1.466,NMC-LMO,SNL_NMC-LMO_85SOC_b
384.0,40.178,4.0349,1.461,NMC-LMO,SNL_NMC-LMO_85SOC_b
385.0,38.573,4.0362,1.491,NMC-LMO,SNL_NMC-LMO_85SOC_b
386.0,40.044,4.035,1.549,NMC-LMO,SNL_NMC-LMO_85SOC_b
387.0,38.807,4.0325,1.472,NMC-LMO,SNL_NMC-LMO_85SOC_b
388.0,40.158,4.0309,1.549,NMC-LMO,SNL_NMC-LMO_85SOC_b
389.0,39.348,4.0326,1.568,NMC-LMO,SNL_NMC-LMO_85SOC_b
390.0,38.967,4.0314,1.496,NMC-LMO,SNL_NMC-LMO_85SOC_b
391.0,39.15,4.0325,1.447,NMC-LMO,SNL_NMC-LMO_85SOC_b
392.0,39.115,4.032,1.449,NMC-LMO,SNL_NMC-LMO_85SOC_b
393.0,39.683,4.031,1.442,NMC-LMO,SNL_NMC-LMO_85SOC_b
394.0,39.788,4.034,1.479,NMC-LMO,SNL_NMC-LMO_85SOC_b
395.0,39.804,4.0325,1.484,NMC-LMO,SNL_NMC-LMO_85SOC_b
396.0,40.661,4.0301,1.498,NMC-LMO,SNL_NMC-LMO_85SOC_b
397.0,40.049,4.0323,1.551,NMC-LMO,SNL_NMC-LMO_85SOC_b
398.0,40.734,4.0315,1.566,NMC-LMO,SNL_NMC-LMO_85SOC_b
399.0,40.887,4.0348,1.45,NMC-LMO,SNL_NMC-LMO_85SOC_b
400.0,41.056,4.0302,1.583,NMC-LMO,SNL_NMC-LMO_85SOC_b
401.0,39.132,4.0302,1.53,NMC-LMO,SNL_NMC-LMO_85SOC_b
402.0,39.727,4.0293,1.469,NMC-LMO,SNL_NMC-LMO_85SOC_b
403.0,39.442,4.0282,1.425,NMC-LMO,SNL_NMC-LMO_85SOC_b
404.0,39.707,4.0305,1.524,NMC-LMO,SNL_NMC-LMO_85SOC_b
405.0,40.717,4.0307,1.463,NMC-LMO,SNL_NMC-LMO_85SOC_b
406.0,40.973,4.0259,1.444,NMC-LMO,SNL_NMC-LMO_85SOC_b
407.0,39.954,4.0284,1.487,NMC-LMO,SNL_NMC-LMO_85SOC_b
408.0,40.795,4.0283,1.542,NMC-LMO,SNL_NMC-LMO_85SOC_b
409.0,39.732,4.029,1.491,NMC-LMO,SNL_NMC-LMO_85SOC_b
410.0,41.27,4.0269,1.57,NMC-LMO,SNL_NMC-LMO_85SOC_b
411.0,41.198,4.026,1.483,NMC-LMO,SNL_NMC-LMO_85SOC_b
412.0,40.268,4.0297,1.544,NMC-LMO,SNL_NMC-LMO_85SOC_b
413.0,40.492,4.0263,1.555,NMC-LMO,SNL_NMC-LMO_85SOC_b
414.0,40.93,4.029,1.525,NMC-LMO,SNL_NMC-LMO_85SOC_b
415.0,41.007,4.02,1.502,NMC-LMO,SNL_NMC-LMO_85SOC_b
416.0,40.62,4.0236,1.446,NMC-LMO,SNL_NMC-LMO_85SOC_b
417.0,40.65,4.0245,1.519,NMC-LMO,SNL_NMC-LMO_85SOC_b
418.0,39.734,4.0223,1.452,NMC-LMO,SNL_NMC-LMO_85SOC_b
419.0,39.656,4.0228,1.52,NMC-LMO,SNL_NMC-LMO_85SOC_b
420.0,42.006,4.0255,1.528,NMC-LMO,SNL_NMC-LMO_85SOC_b
421.0,41.781,4.0222,1.45,NMC-LMO,SNL_NMC-LMO_85SOC_b
422.0,40.221,4.0255,1.52,NMC-LMO,SNL_NMC-LMO_85SOC_b
423.0,40.457,4.0227,1.486,NMC-LMO,SNL_NMC-LMO_85SOC_b
424.0,40.815,4.0239,1.529,NMC-LMO,SNL_NMC-LMO_85SOC_b
425.0,41.522,4.0234,1.503,NMC-LMO,SNL_NMC-LMO_85SOC_b
426.0,40.923,4.0225,1.472,NMC-LMO,SNL_NMC-LMO_85SOC_b
427.0,42.463,4.0238,1.451,NMC-LMO,SNL_NMC-LMO_85SOC_b
428.0,43.117,4.0226,1.476,NMC-LMO,SNL_NMC-LMO_85SOC_b
429.0,41.724,4.0193,1.522,NMC-LMO,SNL_NMC-LMO_85SOC_b
430.0,41.036,4.0223,1.509,NMC-LMO,SNL_NMC-LMO_85SOC_b
431.0,41.461,4.0229,1.457,NMC-LMO,SNL_NMC-LMO_85SOC_b
432.0,41.319,4.0191,1.443,NMC-LMO,SNL_NMC-LMO_85SOC_b
433.0,41.918,4.0169,1.516,NMC-LMO,SNL_NMC-LMO_85SOC_b
434.0,41.591,4.0214,1.454,NMC-LMO,SNL_NMC-LMO_85SOC_b
435.0,41.7,4.0207,1.497,NMC-LMO,SNL_NMC-LMO_85SOC_b
436.0,41.164,4.0187,1.499,NMC-LMO,SNL_NMC-LMO_85SOC_b
437.0,41.585,4.0151,1.52,NMC-LMO,SNL_NMC-LMO_85SOC_b
438.0,41.678,4.018,1.512,NMC-LMO,SNL_NMC-LMO_85SOC_b
439.0,41.975,4.0161,1.581,NMC-LMO,SNL_NMC-LMO_85SOC_b
440.0,41.511,4.0195,1.416,NMC-LMO,SNL_NMC-LMO_85SOC_b
441.0,42.227,4.0148,1.512,NMC-LMO,SNL_NMC-LMO_85SOC_b
442.0,41.95,4.0178,1.473,NMC-LMO,SNL_NMC-LMO_85SOC_b
443.0,41.284,4.0172,1.479,NMC-LMO,SNL_NMC-LMO_85SOC_b
444.0,42.367,4.0152,1.517,NMC-LMO,SNL_NMC-LMO_85SOC_b
445.0,40.288,4.0153,1.526,NMC-LMO,SNL_NMC-LMO_85SOC_b
446.0,41.336,4.0165,1.503,NMC-LMO,SNL_NMC-LMO_85SOC_b
447.0,40.63,4.0163,1.546,NMC-LMO,SNL_NMC-LMO_85SOC_b
448.0,42.315,4.013,1.498,NMC-LMO,SNL_NMC-LMO_85SOC_b
449.0,41.892,4.0159,1.494,NMC-LMO,SNL_NMC-LMO_85SOC_b
450.0,41.947,4.0119,1.574,NMC-LMO,SNL_NMC-LMO_85SOC_b
451.0,41.788,4.0147,1.53,NMC-LMO,SNL_NMC-LMO_85SOC_b
452.0,42.551,4.0138,1.548,NMC-LMO,SNL_NMC-LMO_85SOC_b
453.0,42.047,4.0146,1.484,NMC-LMO,SNL_NMC-LMO_85SOC_b
454.0,43.379,4.0125,1.504,NMC-LMO,SNL_NMC-LMO_85SOC_b
455.0,42.546,4.0135,1.525,NMC-LMO,SNL_NMC-LMO_85SOC_b
456.0,41.398,4.0122,1.554,NMC-LMO,SNL_NMC-LMO_85SOC_b
457.0,41.33,4.0113,1.552,NMC-LMO,SNL_NMC-LMO_85SOC_b
458.0,42.754,4.0138,1.545,NMC-LMO,SNL_NMC-LMO_85SOC_b
459.0,42.286,4.0086,1.525,NMC-LMO,SNL_NMC-LMO_85SOC_b
460.0,42.719,4.0136,1.536,NMC-LMO,SNL_NMC-LMO_85SOC_b
461.0,43.149,4.0087,1.562,NMC-LMO,SNL_NMC-LMO_85SOC_b
462.0,42.982,4.0147,1.475,NMC-LMO,SNL_NMC-LMO_85SOC_b
463.0,42.57,4.0067,1.601,NMC-LMO,SNL_NMC-LMO_85SOC_b
464.0,42.71,4.0101,1.555,NMC-LMO,SNL_NMC-LMO_85SOC_b
465.0,42.709,4.0107,1.453,NMC-LMO,SNL_NMC-LMO_85SOC_b
466.0,42.79,4.0127,1.5,NMC-LMO,SNL_NMC-LMO_85SOC_b
467.0,42.677,4.012,1.549,NMC-LMO,SNL_NMC-LMO_85SOC_b
468.0,44.473,4.0104,1.481,NMC-LMO,SNL_NMC-LMO_85SOC_b
469.0,43.137,4.0131,1.46,NMC-LMO,SNL_NMC-LMO_85SOC_b
470.0,41.897,4.0118,1.517,NMC-LMO,SNL_NMC-LMO_85SOC_b
471.0,42.962,4.0061,1.474,NMC-LMO,SNL_NMC-LMO_85SOC_b
472.0,42.545,4.0086,1.514,NMC-LMO,SNL_NMC-LMO_85SOC_b
473.0,44.129,4.0121,1.498,NMC-LMO,SNL_NMC-LMO_85SOC_b
474.0,43.05,4.0071,1.445,NMC-LMO,SNL_NMC-LMO_85SOC_b
475.0,42.853,4.0067,1.451,NMC-LMO,SNL_NMC-LMO_85SOC_b
476.0,42.765,4.0071,1.579,NMC-LMO,SNL_NMC-LMO_85SOC_b
477.0,43.549,4.0108,1.464,NMC-LMO,SNL_NMC-LMO_85SOC_b
478.0,44.041,4.0049,1.488,NMC-LMO,SNL_NMC-LMO_85SOC_b
479.0,42.636,4.0058,1.461,NMC-LMO,SNL_NMC-LMO_85SOC_b
480.0,43.301,4.0032,1.566,NMC-LMO,SNL_NMC-LMO_85SOC_b
481.0,42.449,4.0067,1.397,NMC-LMO,SNL_NMC-LMO_85SOC_b
482.0,44.133,4.0016,1.429,NMC-LMO,SNL_NMC-LMO_85SOC_b
483.0,43.916,4.002,1.515,NMC-LMO,SNL_NMC-LMO_85SOC_b
484.0,44.049,4.0059,1.565,NMC-LMO,SNL_NMC-LMO_85SOC_b
485.0,43.796,4.0002,1.511,NMC-LMO,SNL_NMC-LMO_85SOC_b
486.0,44.151,4.0042,1.525,NMC-LMO,SNL_NMC-LMO_85SOC_b
487.0,44.04,4.0058,1.434,NMC-LMO,SNL_NMC-LMO_85SOC_b
488.0,44.069,4.0058,1.463,NMC-LMO,SNL_NMC-LMO_85SOC_b
489.0,43.741,4.0035,1.512,NMC-LMO,SNL_NMC-LMO_85SOC_b
490.0,42.893,4.0011,1.514,NMC-LMO,SNL_NMC-LMO_85SOC_b
491.0,43.803,4.0056,1.502,NMC-LMO,SNL_NMC-LMO_85SOC_b
492.0,44.298,4.0046,1.512,NMC-LMO,SNL_NMC-LMO_85SOC_b
493.0,44.091,4.0016,1.434,NMC-LMO,SNL_NMC-LMO_85SOC_b
494.0,44.154,3.9994,1.492,NMC-LMO,SNL_NMC-LMO_85SOC_b
495.0,44.799,4.0011,1.478,NMC-LMO,SNL_NMC-LMO_85SOC_b
496.0,44.176,3.9991,1.474,NMC-LMO,SNL_NMC-LMO_85SOC_b
497.0,43.05,3.9996,1.446,NMC-LMO,SNL_NMC-LMO_85SOC_b
498.0,44.138,4.0,1.478,NMC-LMO,SNL_NMC-LMO_85SOC_b
499.0,43.926,4.0003,1.467,NMC-LMO,SNL_NMC-LMO_85SOC_b
500.0,43.564,4.0001,1.516,NMC-LMO,SNL_NMC-LMO_85SOC_b
501.0,43.087,3.9979,1.422,NMC-LMO,SNL_NMC-LMO_85SOC_b
502.0,44.307,3.9968,1.577,NMC-LMO,SNL_NMC-LMO_85SOC_b
503.0,44.047,4.0022,1.509,NMC-LMO,SNL_NMC-LMO_85SOC_b
504.0,44.936,3.9995,1.476,NMC-LMO,SNL_NMC-LMO_85SOC_b
505.0,43.389,4.0004,1.517,NMC-LMO,SNL_NMC-LMO_85SOC_b
506.0,44.746,3.9966,1.491,NMC-LMO,SNL_NMC-LMO_85SOC_b
507.0,44.477,3.9976,1.48,NMC-LMO,SNL_NMC-LMO_85SOC_b
508.0,44.144,3.9963,1.42,NMC-LMO,SNL_NMC-LMO_85SOC_b
509.0,44.971,3.9958,1.472,NMC-LMO,SNL_NMC-LMO_85SOC_b
510.0,44.377,3.9839,1.765,NMC-LMO,SNL_NMC-LMO_85SOC_b
511.0,43.024,3.9915,2.315,NMC-LMO,SNL_NMC-LMO_85SOC_b
512.0,42.89,3.9923,2.699,NMC-LMO,SNL_NMC-LMO_85SOC_b
513.0,42.302,3.9945,3.176,NMC-LMO,SNL_NMC-LMO_85SOC_b
514.0,41.419,3.9861,3.4,NMC-LMO,SNL_NMC-LMO_85SOC_b
515.0,42.943,3.9849,4.138,NMC-LMO,SNL_NMC-LMO_85SOC_b
516.0,43.59,3.9835,4.493,NMC-LMO,SNL_NMC-LMO_85SOC_b
517.0,44.553,3.9754,5.008,NMC-LMO,SNL_NMC-LMO_85SOC_b
518.0,44.492,3.9431,5.44,NMC-LMO,SNL_NMC-LMO_85SOC_b
519.0,45.168,3.9337,6.207,NMC-LMO,SNL_NMC-LMO_85SOC_b
520.0,46.32,3.9376,6.691,NMC-LMO,SNL_NMC-LMO_85SOC_b
521.0,47.027,3.9223,6.785,NMC-LMO,SNL_NMC-LMO_85SOC_b
522.0,47.092,3.9044,7.445,NMC-LMO,SNL_NMC-LMO_85SOC_b
523.0,47.676,3.8822,7.675,NMC-LMO,SNL_NMC-LMO_85SOC_b
524.0,50.283,3.8633,8.251,NMC-LMO,SNL_NMC-LMO_85SOC_b
525.0,53.598,3.8341,8.865,NMC-LMO,SNL_NMC-LMO_85SOC_b
526.0,53.662,3.8214,9.171,NMC-LMO,SNL_NMC-LMO_85SOC_b
527.0,57.251,3.7791,9.38,NMC-LMO,SNL_NMC-LMO_85SOC_b
528.0,59.141,3.7572,10.209,NMC-LMO,SNL_NMC-LMO_85SOC_b
529.0,62.337,3.7334,10.717,NMC-LMO,SNL_NMC-LMO_85SOC_b
530.0,65.071,3.6924,11.333,NMC-LMO,SNL_NMC-LMO_85SOC_b
531.0,67.121,3.6389,11.661,NMC-LMO,SNL_NMC-LMO_85SOC_b
532.0,70.706,3.5952,12.091,NMC-LMO,SNL_NMC-LMO_85SOC_b
533.0,73.345,3.5601,12.717,NMC-LMO,SNL_NMC-LMO_85SOC_b
534.0,75.716,3.5307,13.229,NMC-LMO,SNL_NMC-LMO_85SOC_b
535.0,80.647,3.4895,13.914,NMC-LMO,SNL_NMC-LMO_85SOC_b
536.0,85.184,3.4524,14.269,NMC-LMO,SNL_NMC-LMO_85SOC_b
537.0,89.942,3.4009,14.795,NMC-LMO,SNL_NMC-LMO_85SOC_b
538.0,93.868,3.3413,15.347,NMC-LMO,SNL_NMC-LMO_85SOC_b
539.0,99.264,3.2954,16.116,NMC-LMO,SNL_NMC-LMO_85SOC_b
540.0,112.253,3.2286,17.616,NMC-LMO,SNL_NMC-LMO_85SOC_b
541.0,128.172,3.0462,19.116,NMC-LMO,SNL_NMC-LMO_85SOC_b
542.0,143.724,2.8224,20.616,NMC-LMO,SNL_NMC-LMO_85SOC_b
543.0,162.67,2.6527,22.116,NMC-LMO,SNL_NMC-LMO_85SOC_b
544.0,181.505,2.5053,23.616,NMC-LMO,SNL_NMC-LMO_85SOC_b
545.0,200.464,2.3681,25.116,NMC-LMO,SNL_NMC-LMO_85SOC_b
546.0,218.271,2.2541,26.616,NMC-LMO,SNL_NMC-LMO_85SOC_b
547.0,235.617,2.1215,28.116,NMC-LMO,SNL_NMC-LMO_85SOC_b
548.0,251.252,2.0673,29.616,NMC-LMO,SNL_NMC-LMO_85SOC_b
549.0,265.538,1.9175,30.0,NMC-LMO,SNL_NMC-LMO_85SOC_b
550.0,281.667,1.7876,30.0,NMC-LMO,SNL_NMC-LMO_85SOC_b
551.0,296.908,1.6533,30.0,NMC-LMO,SNL_NMC-LMO_85SOC_b
552.0,312.671,1.4242,30.0,NMC-LMO,SNL_NMC-LMO_85SOC_b
553.0,328.79,1.2192,30.0,NMC-LMO,SNL_NMC-LMO_85SOC_b
554.0,341.421,1.0761,30.0,NMC-LMO,SNL_NMC-LMO_85SOC_b
555.0,358.497,0.9524,30.0,NMC-LMO,SNL_NMC-LMO_85SOC_b
556.0,372.0,0.7058,30.0,NMC-LMO,SNL_NMC-LMO_85SOC_b
557.0,372.0,0.6544,30.0,NMC-LMO,SNL_NMC-LMO_85SOC_b
558.0,372.0,0.535,30.0,NMC-LMO,SNL_NMC-LMO_85SOC_b
559.0,372.0,0.389,30.0,NMC-LMO,SNL_NMC-LMO_85SOC_b
560.0,372.0,0.267,30.0,NMC-LMO,SNL_NMC-LMO_85SOC_b
561.0,372.0,0.0946,30.0,NMC-LMO,SNL_NMC-LMO_85SOC_b
562.0,372.0,0.0,30.0,NMC-LMO,SNL_NMC-LMO_85SOC_b
563.0,372.0,0.0,30.0,NMC-LMO,SNL_NMC-LMO_85SOC_b
564.0,372.0,0.0,30.0,NMC-LMO,SNL_NMC-LMO_85SOC_b
565.0,372.0,0.0,30.0,NMC-LMO,SNL_NMC-LMO_85SOC_b
566.0,372.0,0.0,30.0,NMC-LMO,SNL_NMC-LMO_85SOC_b
567.0,372.0,0.0,30.0,NMC-LMO,SNL_NMC-LMO_85SOC_b
568.0,372.0,0.0,30.0,NMC-LMO,SNL_NMC-LMO_85SOC_b
569.0,372.0,0.0,30.0,NMC-LMO,SNL_NMC-LMO_85SOC_b
570.0,396.924,0.0,0.0,NMC-LMO,SNL_NMC-LMO_85SOC_b
571.0,392.924,0.0,0.0,NMC-LMO,SNL_NMC-LMO_85SOC_b
572.0,391.879,0.0,0.0,NMC-LMO,SNL_NMC-LMO_85SOC_b
573.0,387.91,0.0006,0.0,NMC-LMO,SNL_NMC-LMO_85SOC_b
574.0,385.071,0.0003,0.0,NMC-LMO,SNL_NMC-LMO_85SOC_b
575.0,383.119,0.001,0.0,NMC-LMO,SNL_NMC-LMO_85SOC_b
576.0,379.345,0.0011,0.0,NMC-LMO,SNL_NMC-LMO_85SOC_b
577.0,375.568,0.0002,0.0,NMC-LMO,SNL_NMC-LMO_85SOC_b
578.0,375.092,0.0007,0.0,NMC-LMO,SNL_NMC-LMO_85SOC_b
579.0,371.84,0.0009,0.0,NMC-LMO,SNL_NMC-LMO_85SOC_b
580.0,368.469,0.0016,0.0,NMC-LMO,SNL_NMC-LMO_85SOC_b
581.0,367.066,0.0025,0.0,NMC-LMO,SNL_NMC-LMO_85SOC_b
582.0,362.797,0.0039,0.0,NMC-LMO,SNL_NMC-LMO_85SOC_b
583.0,360.599,0.0046,0.0,NMC-LMO,SNL_NMC-LMO_85SOC_b
584.0,358.008,0.0048,0.0,NMC-LMO,SNL_NMC-LMO_85SOC_b
585.0,353.831,0.0055,0.0,NMC-LMO,SNL_NMC-LMO_85SOC_b
586.0,356.573,0.0051,0.0,NMC-LMO,SNL_NMC-LMO_85SOC_b
587.0,349.804,0.0047,0.0,NMC-LMO,SNL_NMC-LMO_85SOC_b
588.0,346.378,0.0062,0.0,NMC-LMO,SNL_NMC-LMO_85SOC_b
589.0,343.534,0.0058,0.0,NMC-LMO,SNL_NMC-LMO_85SOC_b
590.0,339.616,0.005,0.0,NMC-LMO,SNL_NMC-LMO_85SOC_b
591.0,336.909,0.0056,0.0,NMC-LMO,SNL_NMC-LMO_85SOC_b
592.0,341.165,0.0053,0.0,NMC-LMO,SNL_NMC-LMO_85SOC_b
593.0,331.98,0.0062,0.0,NMC-LMO,SNL_NMC-LMO_85SOC_b
594.0,330.924,0.0075,0.0,NMC-LMO,SNL_NMC-LMO_85SOC_b
595.0,329.145,0.0068,0.0,NMC-LMO,SNL_NMC-LMO_85SOC_b
596.0,326.874,0.0076,0.0,NMC-LMO,SNL_NMC-LMO_85SOC_b
597.0,324.392,0.0071,0.0,NMC-LMO,SNL_NMC-LMO_85SOC_b
598.0,322.047,0.0058,0.0,NMC-LMO,SNL_NMC-LMO_85SOC_b
599.0,320.572,0.004,0.0,NMC-LMO,SNL_NMC-LMO_85SOC_b
600.0,316.959,0.0048,0.0,NMC-LMO,SNL_NMC-LMO_85SOC_b
601.0,315.748,0.0054,0.0,NMC-LMO,SNL_NMC-LMO_85SOC_b
602.0,312.883,0.0066,0.0,NMC-LMO,SNL_NMC-LMO_85SOC_b
603.0,312.073,0.007,0.0,NMC-LMO,SNL_NMC-LMO_85SOC_b
604.0,309.801,0.0078,0.0,NMC-LMO,SNL_NMC-LMO_85SOC_b
605.0,305.492,0.0064,0.0,NMC-LMO,SNL_NMC-LMO_85SOC_b
606.0,304.542,0.007,0.0,NMC-LMO,SNL_NMC-LMO_85SOC_b
607.0,303.325,0.006,0.0,NMC-LMO,SNL_NMC-LMO_85SOC_b
608.0,298.125,0.0065,0.0,NMC-LMO,SNL_NMC-LMO_85SOC_b
609.0,297.19,0.0046,0.0,NMC-LMO,SNL_NMC-LMO_85SOC_b
610.0,295.69,0.0027,0.0,NMC-LMO,SNL_NMC-LMO_85SOC_b
611.0,291.557,0.0041,0.0,NMC-LMO,SNL_NMC-LMO_85SOC_b
612.0,293.577,0.0029,0.0,NMC-LMO,SNL_NMC-LMO_85SOC_b
613.0,288.227,0.0029,0.0,NMC-LMO,SNL_NMC-LMO_85SOC_b
614.0,289.292,0.0024,0.0,NMC-LMO,SNL_NMC-LMO_85SOC_b
615.0,283.82,0.004,0.0,NMC-LMO,SNL_NMC-LMO_85SOC_b
616.0,281.905,0.0047,0.0,NMC-LMO,SNL_NMC-LMO_85SOC_b
617.0,278.2,0.0045,0.0,NMC-LMO,SNL_NMC-LMO_85SOC_b
618.0,275.891,0.0035,0.0,NMC-LMO,SNL_NMC-LMO_85SOC_b
619.0,277.621,0.0034,0.0,NMC-LMO,SNL_NMC-LMO_85SOC_b
620.0,273.88,0.0027,0.0,NMC-LMO,SNL_NMC-LMO_85SOC_b
621.0,272.041,0.003,0.0,NMC-LMO,SNL_NMC-LMO_85SOC_b
622.0,271.875,0.0003,0.0,NMC-LMO,SNL_NMC-LMO_85SOC_b
623.0,267.198,0.0005,0.0,NMC-LMO,SNL_NMC-LMO_85SOC_b
624.0,266.358,0.0009,0.0,NMC-LMO,SNL_NMC-LMO_85SOC_b
625.0,264.983,0.0006,0.0,NMC-LMO,SNL_NMC-LMO_85SOC_b
626.0,261.882,0.0004,0.0,NMC-LMO,SNL_NMC-LMO_85SOC_b
627.0,262.502,0.0,0.0,NMC-LMO,SNL_NMC-LMO_85SOC_b
628.0,258.806,0.0002,0.0,NMC-LMO,SNL_NMC-LMO_85SOC_b
629.0,259.377,0.0,0.0,NMC-LMO,SNL_NMC-LMO_85SOC_b
630.0,256.626,0.0012,0.0,NMC-LMO,SNL_NMC-LMO_85SOC_b
631.0,253.258,0.001,0.0,NMC-LMO,SNL_NMC-LMO_85SOC_b
632.0,251.04,0.0008,0.0,NMC-LMO,SNL_NMC-LMO_85SOC_b
633.0,251.01,0.001,0.0,NMC-LMO,SNL_NMC-LMO_85SOC_b
634.0,248.291,0.0,0.0,NMC-LMO,SNL_NMC-LMO_85SOC_b
635.0,244.71,0.0021,0.0,NMC-LMO,SNL_NMC-LMO_85SOC_b
636.0,244.133,0.0014,0.0,NMC-LMO,SNL_NMC-LMO_85SOC_b
637.0,244.798,0.0017,0.0,NMC-LMO,SNL_NMC-LMO_85SOC_b
638.0,241.784,0.0015,0.0,NMC-LMO,SNL_NMC-LMO_85SOC_b
639.0,238.718,0.0013,0.0,NMC-LMO,SNL_NMC-LMO_85SOC_b
640.0,235.416,0.0013,0.0,NMC-LMO,SNL_NMC-LMO_85SOC_b
641.0,236.241,0.0031,0.0,NMC-LMO,SNL_NMC-LMO_85SOC_b
642.0,234.246,0.0008,0.0,NMC-LMO,SNL_NMC-LMO_85SOC_b
643.0,232.31,0.0035,0.0,NMC-LMO,SNL_NMC-LMO_85SOC_b
644.0,232.097,0.0027,0.0,NMC-LMO,SNL_NMC-LMO_85SOC_b
645.0,230.045,0.002,0.0,NMC-LMO,SNL_NMC-LMO_85SOC_b
646.0,225.5,0.0016,0.0,NMC-LMO,SNL_NMC-LMO_85SOC_b
647.0,226.055,0.0,0.0,NMC-LMO,SNL_NMC-LMO_85SOC_b
648.0,222.593,0.0,0.0,NMC-LMO,SNL_NMC-LMO_85SOC_b
649.0,222.116,0.0004,0.0,NMC-LMO,SNL_NMC-LMO_85SOC_b
650.0,219.331,0.0011,0.0,NMC-LMO,SNL_NMC-LMO_85SOC_b
651.0,217.814,0.0028,0.0,NMC-LMO,SNL_NMC-LMO_85SOC_b
652.0,215.466,0.0017,0.0,NMC-LMO,SNL_NMC-LMO_85SOC_b
653.0,217.127,0.0033,0.0,NMC-LMO,SNL_NMC-LMO_85SOC_b
654.0,215.448,0.0039,0.0,NMC-LMO,SNL_NMC-LMO_85SOC_b
655.0,213.488,0.0029,0.0,NMC-LMO,SNL_NMC-LMO_85SOC_b
656.0,211.225,0.0017,0.0,NMC-LMO,SNL_NMC-LMO_85SOC_b
657.0,208.552,0.0021,0.0,NMC-LMO,SNL_NMC-LMO_85SOC_b
658.0,207.308,0.0024,0.0,NMC-LMO,SNL_NMC-LMO_85SOC_b
659.0,205.573,0.0027,0.0,NMC-LMO,SNL_NMC-LMO_85SOC_b
660.0,205.339,0.0041,0.0,NMC-LMO,SNL_NMC-LMO_85SOC_b
661.0,205.115,0.0053,0.0,NMC-LMO,SNL_NMC-LMO_85SOC_b
662.0,202.064,0.0054,0.0,NMC-LMO,SNL_NMC-LMO_85SOC_b
663.0,200.306,0.005,0.0,NMC-LMO,SNL_NMC-LMO_85SOC_b
664.0,199.976,0.0042,0.0,NMC-LMO,SNL_NMC-LMO_85SOC_b
665.0,197.149,0.0028,0.0,NMC-LMO,SNL_NMC-LMO_85SOC_b
666.0,194.076,0.0018,0.0,NMC-LMO,SNL_NMC-LMO_85SOC_b
667.0,197.152,0.0002,0.0,NMC-LMO,SNL_NMC-LMO_85SOC_b
668.0,192.794,0.002,0.0,NMC-LMO,SNL_NMC-LMO_85SOC_b
669.0,192.538,0.0023,0.0,NMC-LMO,SNL_NMC-LMO_85SOC_b
670.0,193.114,0.0029,0.0,NMC-LMO,SNL_NMC-LMO_85SOC_b
671.0,188.535,0.0027,0.0,NMC-LMO,SNL_NMC-LMO_85SOC_b
672.0,187.07,0.0052,0.0,NMC-LMO,SNL_NMC-LMO_85SOC_b
673.0,185.794,0.0041,0.0,NMC-LMO,SNL_NMC-LMO_85SOC_b
674.0,185.325,0.0026,0.0,NMC-LMO,SNL_NMC-LMO_85SOC_b
675.0,187.625,0.005,0.0,NMC-LMO,SNL_NMC-LMO_85SOC_b
676.0,183.603,0.0037,0.0,NMC-LMO,SNL_NMC-LMO_85SOC_b
677.0,179.692,0.0035,0.0,NMC-LMO,SNL_NMC-LMO_85SOC_b
678.0,181.313,0.0028,0.0,NMC-LMO,SNL_NMC-LMO_85SOC_b
679.0,180.871,0.0032,0.0,NMC-LMO,SNL_NMC-LMO_85SOC_b
680.0,179.784,0.0029,0.0,NMC-LMO,SNL_NMC-LMO_85SOC_b
681.0,176.417,0.0036,0.0,NMC-LMO,SNL_NMC-LMO_85SOC_b
682.0,176.869,0.0045,0.0,NMC-LMO,SNL_NMC-LMO_85SOC_b
683.0,176.825,0.003,0.0,NMC-LMO,SNL_NMC-LMO_85SOC_b
684.0,172.288,0.0023,0.0,NMC-LMO,SNL_NMC-LMO_85SOC_b
685.0,171.665,0.003,0.0,NMC-LMO,SNL_NMC-LMO_85SOC_b
686.0,172.595,0.0041,0.0,NMC-LMO,SNL_NMC-LMO_85SOC_b
687.0,171.491,0.0043,0.0,NMC-LMO,SNL_NMC-LMO_85SOC_b
688.0,171.533,0.0048,0.0,NMC-LMO,SNL_NMC-LMO_85SOC_b
689.0,168.682,0.0063,0.0,NMC-LMO,SNL_NMC-LMO_85SOC_b
690.0,167.609,0.006,0.0,NMC-LMO,SNL_NMC-LMO_85SOC_b
691.0,165.044,0.0067,0.0,NMC-LMO,SNL_NMC-LMO_85SOC_b
692.0,167.031,0.0066,0.0,NMC-LMO,SNL_NMC-LMO_85SOC_b
693.0,166.02,0.0047,0.0,NMC-LMO,SNL_NMC-LMO_85SOC_b
694.0,162.867,0.0046,0.0,NMC-LMO,SNL_NMC-LMO_85SOC_b
695.0,160.761,0.007,0.0,NMC-LMO,SNL_NMC-LMO_85SOC_b
696.0,160.661,0.0066,0.0,NMC-LMO,SNL_NMC-LMO_85SOC_b
697.0,159.718,0.0046,0.0,NMC-LMO,SNL_NMC-LMO_85SOC_b
698.0,157.466,0.0056,0.0,NMC-LMO,SNL_NMC-LMO_85SOC_b
699.0,156.598,0.0048,0.0,NMC-LMO,SNL_NMC-LMO_85SOC_b
700.0,158.449,0.0061,0.0,NMC-LMO,SNL_NMC-LMO_85SOC_b
701.0,156.213,0.0056,0.0,NMC-LMO,SNL_NMC-LMO_85SOC_b
702.0,154.039,0.0048,0.0,NMC-LMO,SNL_NMC-LMO_85SOC_b
703.0,151.875,0.0038,0.0,NMC-LMO,SNL_NMC-LMO_85SOC_b
704.0,151.417,0.0028,0.0,NMC-LMO,SNL_NMC-LMO_85SOC_b
705.0,148.984,0.003,0.0,NMC-LMO,SNL_NMC-LMO_85SOC_b
706.0,150.675,0.0047,0.0,NMC-LMO,SNL_NMC-LMO_85SOC_b
707.0,148.322,0.005,0.0,NMC-LMO,SNL_NMC-LMO_85SOC_b
708.0,148.803,0.0047,0.0,NMC-LMO,SNL_NMC-LMO_85SOC_b
709.0,148.467,0.0055,0.0,NMC-LMO,SNL_NMC-LMO_85SOC_b
710.0,146.867,0.0052,0.0,NMC-LMO,SNL_NMC-LMO_85SOC_b
711.0,144.873,0.0039,0.0,NMC-LMO,SNL_NMC-LMO_85SOC_b
712.0,143.241,0.0032,0.0,NMC-LMO,SNL_NMC-LMO_85SOC_b
713.0,141.812,0.0037,0.0,NMC-LMO,SNL_NMC-LMO_85SOC_b
714.0,144.348,0.0028,0.0,NMC-LMO,SNL_NMC-LMO_85SOC_b
715.0,142.042,0.0017,0.0,NMC-LMO,SNL_NMC-LMO_85SOC_b
716.0,140.23,0.0011,0.0,NMC-LMO,SNL_NMC-LMO_85SOC_b
717.0,140.669,0.0004,0.0,NMC-LMO,SNL_NMC-LMO_85SOC_b
718.0,140.369,0.0001,0.0,NMC-LMO,SNL_NMC-LMO_85SOC_b
719.0,136.97,0.0,0.0,NMC-LMO,SNL_NMC-LMO_85SOC_b
720.0,137.424,0.0009,0.0,NMC-LMO,SNL_NMC-LMO_85SOC_b
721.0,136.561,0.0031,0.0,NMC-LMO,SNL_NMC-LMO_85SOC_b
722.0,137.41,0.0028,0.0,NMC-LMO,SNL_NMC-LMO_85SOC_b
723.0,133.91,0.0033,0.0,NMC-LMO,SNL_NMC-LMO_85SOC_b
724.0,132.259,0.0045,0.0,NMC-LMO,SNL_NMC-LMO_85SOC_b
725.0,133.193,0.0047,0.0,NMC-LMO,SNL_NMC-LMO_85SOC_b
726.0,132.824,0.0064,0.0,NMC-LMO,SNL_NMC-LMO_85SOC_b
727.0,131.199,0.0063,0.0,NMC-LMO,SNL_NMC-LMO_85SOC_b
728.0,132.361,0.0073,0.0,NMC-LMO,SNL_NMC-LMO_85SOC_b
729.0,128.779,0.0073,0.0,NMC-LMO,SNL_NMC-LMO_85SOC_b
730.0,128.723,0.0077,0.0,NMC-LMO,SNL_NMC-LMO_85SOC_b
731.0,125.571,0.0061,0.0,NMC-LMO,SNL_NMC-LMO_85SOC_b
732.0,125.457,0.0052,0.0,NMC-LMO,SNL_NMC-LMO_85SOC_b
733.0,125.011,0.0058,0.0,NMC-LMO,SNL_NMC-LMO_85SOC_b
734.0,124.919,0.006,0.0,NMC-LMO,SNL_NMC-LMO_85SOC_b
735.0,122.538,0.0055,0.0,NMC-LMO,SNL_NMC-LMO_85SOC_b
736.0,124.463,0.0061,0.0,NMC-LMO,SNL_NMC-LMO_85SOC_b
737.0,121.71,0.0063,0.0,NMC-LMO,SNL_NMC-LMO_85SOC_b
738.0,125.316,0.0063,0.0,NMC-LMO,SNL_NMC-LMO_85SOC_b
739.0,120.205,0.0061,0.0,NMC-LMO,SNL_NMC-LMO_85SOC_b
740.0,120.616,0.0059,0.0,NMC-LMO,SNL_NMC-LMO_85SOC_b
741.0,119.67,0.0045,0.0,NMC-LMO,SNL_NMC-LMO_85SOC_b
742.0,117.518,0.0043,0.0,NMC-LMO,SNL_NMC-LMO_85SOC_b
743.0,117.966,0.0038,0.0,NMC-LMO,SNL_NMC-LMO_85SOC_b
744.0,117.205,0.0038,0.0,NMC-LMO,SNL_NMC-LMO_85SOC_b
745.0,118.068,0.0037,0.0,NMC-LMO,SNL_NMC-LMO_85SOC_b
746.0,116.602,0.0032,0.0,NMC-LMO,SNL_NMC-LMO_85SOC_b
747.0,116.136,0.0036,0.0,NMC-LMO,SNL_NMC-LMO_85SOC_b
748.0,115.857,0.0043,0.0,NMC-LMO,SNL_NMC-LMO_85SOC_b
749.0,114.728,0.0042,0.0,NMC-LMO,SNL_NMC-LMO_85SOC_b
750.0,113.505,0.0053,0.0,NMC-LMO,SNL_NMC-LMO_85SOC_b
751.0,111.457,0.0046,0.0,NMC-LMO,SNL_NMC-LMO_85SOC_b
752.0,112.01,0.005,0.0,NMC-LMO,SNL_NMC-LMO_85SOC_b
753.0,109.811,0.005,0.0,NMC-LMO,SNL_NMC-LMO_85SOC_b
754.0,110.22,0.0028,0.0,NMC-LMO,SNL_NMC-LMO_85SOC_b
755.0,109.352,0.0026,0.0,NMC-LMO,SNL_NMC-LMO_85SOC_b
756.0,108.766,0.004,0.0,NMC-LMO,SNL_NMC-LMO_85SOC_b
757.0,106.513,0.0032,0.0,NMC-LMO,SNL_NMC-LMO_85SOC_b
758.0,103.755,0.0027,0.0,NMC-LMO,SNL_NMC-LMO_85SOC_b
759.0,106.421,0.0022,0.0,NMC-LMO,SNL_NMC-LMO_85SOC_b
760.0,108.022,0.0031,0.0,NMC-LMO,SNL_NMC-LMO_85SOC_b
761.0,105.829,0.0027,0.0,NMC-LMO,SNL_NMC-LMO_85SOC_b
762.0,106.609,0.0027,0.0,NMC-LMO,SNL_NMC-LMO_85SOC_b
763.0,103.204,0.0009,0.0,NMC-LMO,SNL_NMC-LMO_85SOC_b
764.0,103.137,0.0017,0.0,NMC-LMO,SNL_NMC-LMO_85SOC_b
765.0,106.585,0.0018,0.0,NMC-LMO,SNL_NMC-LMO_85SOC_b
766.0,101.4,0.0006,0.0,NMC-LMO,SNL_NMC-LMO_85SOC_b
767.0,102.758,0.0,0.0,NMC-LMO,SNL_NMC-LMO_85SOC_b
768.0,102.142,0.0008,0.0,NMC-LMO,SNL_NMC-LMO_85SOC_b
769.0,101.363,0.0006,0.0,NMC-LMO,SNL_NMC-LMO_85SOC_b
770.0,100.953,0.0008,0.0,NMC-LMO,SNL_NMC-LMO_85SOC_b
771.0,98.34,0.0026,0.0,NMC-LMO,SNL_NMC-LMO_85SOC_b
772.0,98.386,0.0034,0.0,NMC-LMO,SNL_NMC-LMO_85SOC_b
773.0,94.697,0.0047,0.0,NMC-LMO,SNL_NMC-LMO_85SOC_b
774.0,99.943,0.0047,0.0,NMC-LMO,SNL_NMC-LMO_85SOC_b
775.0,97.999,0.0053,0.0,NMC-LMO,SNL_NMC-LMO_85SOC_b
776.0,95.621,0.0058,0.0,NMC-LMO,SNL_NMC-LMO_85SOC_b
777.0,94.802,0.0052,0.0,NMC-LMO,SNL_NMC-LMO_85SOC_b
778.0,97.14,0.0062,0.0,NMC-LMO,SNL_NMC-LMO_85SOC_b
779.0,93.828,0.0054,0.0,NMC-LMO,SNL_NMC-LMO_85SOC_b
0.0,24.774,4.1515,1.55,LMO-LNO,SNL_LMO-LNO_50SOC_b
1.0,25.153,4.1512,1.504,LMO-LNO,SNL_LMO-LNO_50SOC_b
2.0,25.41,4.1488,1.511,LMO-LNO,SNL_LMO-LNO_50SOC_b
3.0,24.742,4.1511,1.538,LMO-LNO,SNL_LMO-LNO_50SOC_b
4.0,25.234,4.1487,1.553,LMO-LNO,SNL_LMO-LNO_50SOC_b
5.0,24.927,4.1513,1.49,LMO-LNO,SNL_LMO-LNO_50SOC_b
6.0,24.815,4.1488,1.507,LMO-LNO,SNL_LMO-LNO_50SOC_b
7.0,26.405,4.1485,1.519,LMO-LNO,SNL_LMO-LNO_50SOC_b
8.0,25.721,4.1439,1.495,LMO-LNO,SNL_LMO-LNO_50SOC_b
9.0,25.95,4.1471,1.587,LMO-LNO,SNL_LMO-LNO_50SOC_b
10.0,25.141,4.1499,1.481,LMO-LNO,SNL_LMO-LNO_50SOC_b
11.0,25.014,4.1453,1.528,LMO-LNO,SNL_LMO-LNO_50SOC_b
12.0,25.462,4.1491,1.447,LMO-LNO,SNL_LMO-LNO_50SOC_b
13.0,25.524,4.1434,1.566,LMO-LNO,SNL_LMO-LNO_50SOC_b
14.0,25.579,4.1431,1.511,LMO-LNO,SNL_LMO-LNO_50SOC_b
15.0,25.526,4.1432,1.551,LMO-LNO,SNL_LMO-LNO_50SOC_b
16.0,25.415,4.1462,1.447,LMO-LNO,SNL_LMO-LNO_50SOC_b
17.0,25.688,4.145,1.537,LMO-LNO,SNL_LMO-LNO_50SOC_b
18.0,25.129,4.1436,1.48,LMO-LNO,SNL_LMO-LNO_50SOC_b
19.0,25.65,4.1401,1.539,LMO-LNO,SNL_LMO-LNO_50SOC_b
20.0,25.982,4.1442,1.571,LMO-LNO,SNL_LMO-LNO_50SOC_b
21.0,26.413,4.1436,1.481,LMO-LNO,SNL_LMO-LNO_50SOC_b
22.0,25.756,4.1427,1.536,LMO-LNO,SNL_LMO-LNO_50SOC_b
23.0,26.387,4.1451,1.459,LMO-LNO,SNL_LMO-LNO_50SOC_b
24.0,25.874,4.1408,1.436,LMO-LNO,SNL_LMO-LNO_50SOC_b
25.0,25.405,4.1431,1.582,LMO-LNO,SNL_LMO-LNO_50SOC_b
26.0,25.014,4.1428,1.54,LMO-LNO,SNL_LMO-LNO_50SOC_b
27.0,25.06,4.143,1.394,LMO-LNO,SNL_LMO-LNO_50SOC_b
28.0,26.27,4.1411,1.5,LMO-LNO,SNL_LMO-LNO_50SOC_b
29.0,26.123,4.1435,1.517,LMO-LNO,SNL_LMO-LNO_50SOC_b
30.0,25.852,4.1416,1.472,LMO-LNO,SNL_LMO-LNO_50SOC_b
31.0,25.821,4.1405,1.431,LMO-LNO,SNL_LMO-LNO_50SOC_b
32.0,26.319,4.1414,1.414,LMO-LNO,SNL_LMO-LNO_50SOC_b
33.0,25.789,4.1433,1.473,LMO-LNO,SNL_LMO-LNO_50SOC_b
34.0,27.097,4.1374,1.534,LMO-LNO,SNL_LMO-LNO_50SOC_b
35.0,26.127,4.1403,1.402,LMO-LNO,SNL_LMO-LNO_50SOC_b
36.0,25.774,4.141,1.442,LMO-LNO,SNL_LMO-LNO_50SOC_b
37.0,26.283,4.137,1.43,LMO-LNO,SNL_LMO-LNO_50SOC_b
38.0,26.494,4.1398,1.49,LMO-LNO,SNL_LMO-LNO_50SOC_b
39.0,26.171,4.1381,1.468,LMO-LNO,SNL_LMO-LNO_50SOC_b
40.0,26.131,4.1363,1.552,LMO-LNO,SNL_LMO-LNO_50SOC_b
41.0,25.885,4.1381,1.501,LMO-LNO,SNL_LMO-LNO_50SOC_b
42.0,26.251,4.1384,1.531,LMO-LNO,SNL_LMO-LNO_50SOC_b
43.0,26.717,4.1366,1.522,LMO-LNO,SNL_LMO-LNO_50SOC_b
44.0,26.401,4.1331,1.54,LMO-LNO,SNL_LMO-LNO_50SOC_b
45.0,26.603,4.133,1.444,LMO-LNO,SNL_LMO-LNO_50SOC_b
46.0,26.817,4.1355,1.485,LMO-LNO,SNL_LMO-LNO_50SOC_b
47.0,26.708,4.135,1.457,LMO-LNO,SNL_LMO-LNO_50SOC_b
48.0,26.109,4.1346,1.54,LMO-LNO,SNL_LMO-LNO_50SOC_b
49.0,26.492,4.1376,1.509,LMO-LNO,SNL_LMO-LNO_50SOC_b
50.0,25.955,4.1328,1.48,LMO-LNO,SNL_LMO-LNO_50SOC_b
51.0,27.073,4.1355,1.519,LMO-LNO,SNL_LMO-LNO_50SOC_b
52.0,26.724,4.1339,1.519,LMO-LNO,SNL_LMO-LNO_50SOC_b
53.0,26.149,4.1369,1.627,LMO-LNO,SNL_LMO-LNO_50SOC_b
54.0,26.791,4.1329,1.521,LMO-LNO,SNL_LMO-LNO_50SOC_b
55.0,27.132,4.1321,1.534,LMO-LNO,SNL_LMO-LNO_50SOC_b
56.0,26.522,4.134,1.522,LMO-LNO,SNL_LMO-LNO_50SOC_b
57.0,26.045,4.1312,1.436,LMO-LNO,SNL_LMO-LNO_50SOC_b
58.0,26.65,4.1335,1.513,LMO-LNO,SNL_LMO-LNO_50SOC_b
59.0,26.421,4.1357,1.509,LMO-LNO,SNL_LMO-LNO_50SOC_b
60.0,26.525,4.1342,1.536,LMO-LNO,SNL_LMO-LNO_50SOC_b
61.0,26.5,4.1317,1.5,LMO-LNO,SNL_LMO-LNO_50SOC_b
62.0,26.827,4.1356,1.483,LMO-LNO,SNL_LMO-LNO_50SOC_b
63.0,25.932,4.1318,1.498,LMO-LNO,SNL_LMO-LNO_50SOC_b
64.0,26.807,4.1313,1.501,LMO-LNO,SNL_LMO-LNO_50SOC_b
65.0,26.802,4.1317,1.527,LMO-LNO,SNL_LMO-LNO_50SOC_b
66.0,26.516,4.1362,1.536,LMO-LNO,SNL_LMO-LNO_50SOC_b
67.0,26.911,4.1269,1.494,LMO-LNO,SNL_LMO-LNO_50SOC_b
68.0,26.577,4.1287,1.448,LMO-LNO,SNL_LMO-LNO_50SOC_b
69.0,27.097,4.1304,1.589,LMO-LNO,SNL_LMO-LNO_50SOC_b
70.0,27.603,4.1266,1.424,LMO-LNO,SNL_LMO-LNO_50SOC_b
71.0,27.346,4.1299,1.543,LMO-LNO,SNL_LMO-LNO_50SOC_b
72.0,27.069,4.1275,1.499,LMO-LNO,SNL_LMO-LNO_50SOC_b
73.0,26.957,4.124,1.444,LMO-LNO,SNL_LMO-LNO_50SOC_b
74.0,27.044,4.1268,1.528,LMO-LNO,SNL_LMO-LNO_50SOC_b
75.0,27.225,4.1257,1.613,LMO-LNO,SNL_LMO-LNO_50SOC_b
76.0,27.27,4.1282,1.51,LMO-LNO,SNL_LMO-LNO_50SOC_b
77.0,26.754,4.1271,1.573,LMO-LNO,SNL_LMO-LNO_50SOC_b
78.0,26.824,4.1251,1.458,LMO-LNO,SNL_LMO-LNO_50SOC_b
79.0,27.085,4.1254,1.402,LMO-LNO,SNL_LMO-LNO_50SOC_b
80.0,27.363,4.1267,1.518,LMO-LNO,SNL_LMO-LNO_50SOC_b
81.0,27.059,4.1213,1.452,LMO-LNO,SNL_LMO-LNO_50SOC_b
82.0,27.453,4.125,1.507,LMO-LNO,SNL_LMO-LNO_50SOC_b
83.0,27.582,4.122,1.529,LMO-LNO,SNL_LMO-LNO_50SOC_b
84.0,26.954,4.1283,1.456,LMO-LNO,SNL_LMO-LNO_50SOC_b
85.0,26.609,4.1215,1.507,LMO-LNO,SNL_LMO-LNO_50SOC_b
86.0,27.243,4.1216,1.403,LMO-LNO,SNL_LMO-LNO_50SOC_b
87.0,27.545,4.1248,1.535,LMO-LNO,SNL_LMO-LNO_50SOC_b
88.0,27.717,4.1228,1.514,LMO-LNO,SNL_LMO-LNO_50SOC_b
89.0,27.706,4.12,1.42,LMO-LNO,SNL_LMO-LNO_50SOC_b
90.0,27.584,4.1256,1.554,LMO-LNO,SNL_LMO-LNO_50SOC_b
91.0,27.225,4.1204,1.487,LMO-LNO,SNL_LMO-LNO_50SOC_b
92.0,27.599,4.1215,1.551,LMO-LNO,SNL_LMO-LNO_50SOC_b
93.0,27.161,4.122,1.523,LMO-LNO,SNL_LMO-LNO_50SOC_b
94.0,27.392,4.1249,1.504,LMO-LNO,SNL_LMO-LNO_50SOC_b
95.0,28.105,4.1204,1.488,LMO-LNO,SNL_LMO-LNO_50SOC_b
96.0,27.669,4.1178,1.429,LMO-LNO,SNL_LMO-LNO_50SOC_b
97.0,27.669,4.1224,1.538,LMO-LNO,SNL_LMO-LNO_50SOC_b
98.0,27.686,4.1189,1.438,LMO-LNO,SNL_LMO-LNO_50SOC_b
99.0,27.881,4.121,1.432,LMO-LNO,SNL_LMO-LNO_50SOC_b
100.0,28.205,4.1215,1.571,LMO-LNO,SNL_LMO-LNO_50SOC_b
101.0,27.585,4.1177,1.464,LMO-LNO,SNL_LMO-LNO_50SOC_b
102.0,27.916,4.1166,1.509,LMO-LNO,SNL_LMO-LNO_50SOC_b
103.0,27.361,4.119,1.583,LMO-LNO,SNL_LMO-LNO_50SOC_b
104.0,28.097,4.1196,1.405,LMO-LNO,SNL_LMO-LNO_50SOC_b
105.0,28.237,4.1177,1.459,LMO-LNO,SNL_LMO-LNO_50SOC_b
106.0,27.479,4.1163,1.483,LMO-LNO,SNL_LMO-LNO_50SOC_b
107.0,27.241,4.1178,1.551,LMO-LNO,SNL_LMO-LNO_50SOC_b
108.0,28.059,4.1154,1.479,LMO-LNO,SNL_LMO-LNO_50SOC_b
109.0,28.059,4.1201,1.5,LMO-LNO,SNL_LMO-LNO_50SOC_b
110.0,27.811,4.1165,1.567,LMO-LNO,SNL_LMO-LNO_50SOC_b
111.0,28.25,4.1179,1.377,LMO-LNO,SNL_LMO-LNO_50SOC_b
112.0,27.918,4.1159,1.529,LMO-LNO,SNL_LMO-LNO_50SOC_b
113.0,28.238,4.1169,1.503,LMO-LNO,SNL_LMO-LNO_50SOC_b
114.0,28.572,4.1146,1.451,LMO-LNO,SNL_LMO-LNO_50SOC_b
115.0,28.408,4.1155,1.516,LMO-LNO,SNL_LMO-LNO_50SOC_b
116.0,29.097,4.1136,1.485,LMO-LNO,SNL_LMO-LNO_50SOC_b
117.0,28.013,4.1185,1.456,LMO-LNO,SNL_LMO-LNO_50SOC_b
118.0,28.067,4.1156,1.487,LMO-LNO,SNL_LMO-LNO_50SOC_b
119.0,28.151,4.1158,1.481,LMO-LNO,SNL_LMO-LNO_50SOC_b
120.0,28.435,4.1139,1.478,LMO-LNO,SNL_LMO-LNO_50SOC_b
121.0,28.468,4.1138,1.532,LMO-LNO,SNL_LMO-LNO_50SOC_b
122.0,29.009,4.1113,1.479,LMO-LNO,SNL_LMO-LNO_50SOC_b
123.0,28.332,4.1166,1.545,LMO-LNO,SNL_LMO-LNO_50SOC_b
124.0,28.215,4.1109,1.484,LMO-LNO,SNL_LMO-LNO_50SOC_b
125.0,28.019,4.1115,1.608,LMO-LNO,SNL_LMO-LNO_50SOC_b
126.0,28.612,4.1112,1.574,LMO-LNO,SNL_LMO-LNO_50SOC_b
127.0,28.936,4.1093,1.46,LMO-LNO,SNL_LMO-LNO_50SOC_b
128.0,28.339,4.1148,1.463,LMO-LNO,SNL_LMO-LNO_50SOC_b
129.0,28.259,4.1095,1.47,LMO-LNO,SNL_LMO-LNO_50SOC_b
130.0,28.548,4.1107,1.436,LMO-LNO,SNL_LMO-LNO_50SOC_b
131.0,28.406,4.1109,1.452,LMO-LNO,SNL_LMO-LNO_50SOC_b
132.0,28.979,4.1101,1.514,LMO-LNO,SNL_LMO-LNO_50SOC_b
133.0,28.115,4.108,1.484,LMO-LNO,SNL_LMO-LNO_50SOC_b
134.0,28.704,4.1099,1.448,LMO-LNO,SNL_LMO-LNO_50SOC_b
135.0,28.364,4.109,1.491,LMO-LNO,SNL_LMO-LNO_50SOC_b
136.0,28.562,4.1121,1.455,LMO-LNO,SNL_LMO-LNO_50SOC_b
137.0,28.938,4.1125,1.575,LMO-LNO,SNL_LMO-LNO_50SOC_b
138.0,28.861,4.1093,1.546,LMO-LNO,SNL_LMO-LNO_50SOC_b
139.0,28.997,4.1061,1.465,LMO-LNO,SNL_LMO-LNO_50SOC_b
140.0,29.29,4.1085,1.593,LMO-LNO,SNL_LMO-LNO_50SOC_b
141.0,28.61,4.1088,1.499,LMO-LNO,SNL_LMO-LNO_50SOC_b
142.0,28.033,4.1099,1.493,LMO-LNO,SNL_LMO-LNO_50SOC_b
143.0,28.717,4.1091,1.534,LMO-LNO,SNL_LMO-LNO_50SOC_b
144.0,28.791,4.1075,1.411,LMO-LNO,SNL_LMO-LNO_50SOC_b
145.0,29.628,4.1072,1.477,LMO-LNO,SNL_LMO-LNO_50SOC_b
146.0,29.365,4.1037,1.468,LMO-LNO,SNL_LMO-LNO_50SOC_b
147.0,28.859,4.1065,1.511,LMO-LNO,SNL_LMO-LNO_50SOC_b
148.0,29.319,4.1058,1.654,LMO-LNO,SNL_LMO-LNO_50SOC_b
149.0,29.235,4.1066,1.478,LMO-LNO,SNL_LMO-LNO_50SOC_b
150.0,29.164,4.1083,1.484,LMO-LNO,SNL_LMO-LNO_50SOC_b
151.0,29.381,4.1068,1.482,LMO-LNO,SNL_LMO-LNO_50SOC_b
152.0,28.942,4.0995,1.524,LMO-LNO,SNL_LMO-LNO_50SOC_b
153.0,29.55,4.1034,1.46,LMO-LNO,SNL_LMO-LNO_50SOC_b
154.0,29.364,4.1064,1.515,LMO-LNO,SNL_LMO-LNO_50SOC_b
155.0,29.504,4.1045,1.425,LMO-LNO,SNL_LMO-LNO_50SOC_b
156.0,28.771,4.1023,1.458,LMO-LNO,SNL_LMO-LNO_50SOC_b
157.0,29.937,4.1034,1.515,LMO-LNO,SNL_LMO-LNO_50SOC_b
158.0,29.689,4.1043,1.518,LMO-LNO,SNL_LMO-LNO_50SOC_b
159.0,29.568,4.1047,1.405,LMO-LNO,SNL_LMO-LNO_50SOC_b
160.0,29.74,4.1021,1.503,LMO-LNO,SNL_LMO-LNO_50SOC_b
161.0,29.703,4.1015,1.491,LMO-LNO,SNL_LMO-LNO_50SOC_b
162.0,29.166,4.104,1.557,LMO-LNO,SNL_LMO-LNO_50SOC_b
163.0,29.413,4.1013,1.4,LMO-LNO,SNL_LMO-LNO_50SOC_b
164.0,29.444,4.0995,1.528,LMO-LNO,SNL_LMO-LNO_50SOC_b
165.0,30.201,4.0949,1.55,LMO-LNO,SNL_LMO-LNO_50SOC_b
166.0,30.604,4.1014,1.555,LMO-LNO,SNL_LMO-LNO_50SOC_b
167.0,29.661,4.1,1.458,LMO-LNO,SNL_LMO-LNO_50SOC_b
168.0,30.348,4.1004,1.527,LMO-LNO,SNL_LMO-LNO_50SOC_b
169.0,30.007,4.0979,1.552,LMO-LNO,SNL_LMO-LNO_50SOC_b
170.0,29.144,4.0959,1.545,LMO-LNO,SNL_LMO-LNO_50SOC_b
171.0,29.376,4.0993,1.56,LMO-LNO,SNL_LMO-LNO_50SOC_b
172.0,28.716,4.0963,1.524,LMO-LNO,SNL_LMO-LNO_50SOC_b
173.0,29.632,4.1011,1.531,LMO-LNO,SNL_LMO-LNO_50SOC_b
174.0,30.18,4.0978,1.502,LMO-LNO,SNL_LMO-LNO_50SOC_b
175.0,29.608,4.0974,1.538,LMO-LNO,SNL_LMO-LNO_50SOC_b
176.0,29.988,4.0967,1.547,LMO-LNO,SNL_LMO-LNO_50SOC_b
177.0,30.303,4.0978,1.522,LMO-LNO,SNL_LMO-LNO_50SOC_b
178.0,30.035,4.0964,1.543,LMO-LNO,SNL_LMO-LNO_50SOC_b
179.0,30.037,4.0951,1.547,LMO-LNO,SNL_LMO-LNO_50SOC_b
180.0,29.472,4.0953,1.472,LMO-LNO,SNL_LMO-LNO_50SOC_b
181.0,29.825,4.1007,1.456,LMO-LNO,SNL_LMO-LNO_50SOC_b
182.0,30.553,4.097,1.407,LMO-LNO,SNL_LMO-LNO_50SOC_b
183.0,29.849,4.09,1.522,LMO-LNO,SNL_LMO-LNO_50SOC_b
184.0,30.347,4.0951,1.486,LMO-LNO,SNL_LMO-LNO_50SOC_b
185.0,30.642,4.0953,1.46,LMO-LNO,SNL_LMO-LNO_50SOC_b
186.0,29.879,4.092,1.419,LMO-LNO,SNL_LMO-LNO_50SOC_b
187.0,30.271,4.0927,1.531,LMO-LNO,SNL_LMO-LNO_50SOC_b
188.0,30.037,4.0922,1.564,LMO-LNO,SNL_LMO-LNO_50SOC_b
189.0,29.767,4.0929,1.53,LMO-LNO,SNL_LMO-LNO_50SOC_b
190.0,30.708,4.0936,1.487,LMO-LNO,SNL_LMO-LNO_50SOC_b
191.0,30.088,4.0925,1.482,LMO-LNO,SNL_LMO-LNO_50SOC_b
192.0,30.627,4.0922,1.446,LMO-LNO,SNL_LMO-LNO_50SOC_b
193.0,30.407,4.0937,1.524,LMO-LNO,SNL_LMO-LNO_50SOC_b
194.0,29.798,4.0923,1.464,LMO-LNO,SNL_LMO-LNO_50SOC_b
195.0,30.661,4.0923,1.517,LMO-LNO,SNL_LMO-LNO_50SOC_b
196.0,30.206,4.0923,1.479,LMO-LNO,SNL_LMO-LNO_50SOC_b
197.0,30.32,4.0931,1.544,LMO-LNO,SNL_LMO-LNO_50SOC_b
198.0,30.34,4.0939,1.457,LMO-LNO,SNL_LMO-LNO_50SOC_b
199.0,30.447,4.0909,1.492,LMO-LNO,SNL_LMO-LNO_50SOC_b
200.0,29.639,4.0882,1.503,LMO-LNO,SNL_LMO-LNO_50SOC_b
201.0,30.503,4.0902,1.444,LMO-LNO,SNL_LMO-LNO_50SOC_b
202.0,30.543,4.0873,1.484,LMO-LNO,SNL_LMO-LNO_50SOC_b
203.0,30.57,4.0888,1.515,LMO-LNO,SNL_LMO-LNO_50SOC_b
204.0,31.497,4.0843,1.519,LMO-LNO,SNL_LMO-LNO_50SOC_b
205.0,30.739,4.0869,1.455,LMO-LNO,SNL_LMO-LNO_50SOC_b
206.0,31.053,4.0881,1.514,LMO-LNO,SNL_LMO-LNO_50SOC_b
207.0,30.757,4.0877,1.504,LMO-LNO,SNL_LMO-LNO_50SOC_b
208.0,30.758,4.0881,1.462,LMO-LNO,SNL_LMO-LNO_50SOC_b
209.0,30.421,4.0852,1.587,LMO-LNO,SNL_LMO-LNO_50SOC_b
210.0,31.183,4.0875,1.475,LMO-LNO,SNL_LMO-LNO_50SOC_b
211.0,30.408,4.0903,1.53,LMO-LNO,SNL_LMO-LNO_50SOC_b
212.0,30.995,4.0881,1.549,LMO-LNO,SNL_LMO-LNO_50SOC_b
213.0,30.773,4.0865,1.357,LMO-LNO,SNL_LMO-LNO_50SOC_b
214.0,31.097,4.089,1.44,LMO-LNO,SNL_LMO-LNO_50SOC_b
215.0,31.149,4.0835,1.447,LMO-LNO,SNL_LMO-LNO_50SOC_b
216.0,30.524,4.0884,1.49,LMO-LNO,SNL_LMO-LNO_50SOC_b
217.0,30.148,4.0842,1.467,LMO-LNO,SNL_LMO-LNO_50SOC_b
218.0,31.021,4.086,1.543,LMO-LNO,SNL_LMO-LNO_50SOC_b
219.0,30.675,4.0842,1.498,LMO-LNO,SNL_LMO-LNO_50SOC_b
220.0,31.038,4.0865,1.543,LMO-LNO,SNL_LMO-LNO_50SOC_b
221.0,31.298,4.0838,1.578,LMO-LNO,SNL_LMO-LNO_50SOC_b
222.0,30.754,4.0834,1.401,LMO-LNO,SNL_LMO-LNO_50SOC_b
223.0,31.447,4.0796,1.656,LMO-LNO,SNL_LMO-LNO_50SOC_b
224.0,31.529,4.0826,1.443,LMO-LNO,SNL_LMO-LNO_50SOC_b
225.0,30.992,4.0832,1.458,LMO-LNO,SNL_LMO-LNO_50SOC_b
226.0,31.171,4.0813,1.499,LMO-LNO,SNL_LMO-LNO_50SOC_b
227.0,31.546,4.0819,1.451,LMO-LNO,SNL_LMO-LNO_50SOC_b
228.0,31.222,4.0789,1.401,LMO-LNO,SNL_LMO-LNO_50SOC_b
229.0,31.2,4.0802,1.503,LMO-LNO,SNL_LMO-LNO_50SOC_b
230.0,31.464,4.0802,1.501,LMO-LNO,SNL_LMO-LNO_50SOC_b
231.0,31.454,4.081,1.618,LMO-LNO,SNL_LMO-LNO_50SOC_b
232.0,32.154,4.0801,1.471,LMO-LNO,SNL_LMO-LNO_50SOC_b
233.0,31.042,4.0792,1.534,LMO-LNO,SNL_LMO-LNO_50SOC_b
234.0,32.066,4.0786,1.462,LMO-LNO,SNL_LMO-LNO_50SOC_b
235.0,31.352,4.0786,1.512,LMO-LNO,SNL_LMO-LNO_50SOC_b
236.0,32.057,4.0754,1.566,LMO-LNO,SNL_LMO-LNO_50SOC_b
237.0,30.954,4.0767,1.541,LMO-LNO,SNL_LMO-LNO_50SOC_b
238.0,31.099,4.0771,1.601,LMO-LNO,SNL_LMO-LNO_50SOC_b
239.0,31.336,4.0807,1.48,LMO-LNO,SNL_LMO-LNO_50SOC_b
240.0,31.786,4.076,1.577,LMO-LNO,SNL_LMO-LNO_50SOC_b
241.0,31.349,4.0776,1.457,LMO-LNO,SNL_LMO-LNO_50SOC_b
242.0,32.092,4.0787,1.537,LMO-LNO,SNL_LMO-LNO_50SOC_b
243.0,31.813,4.0765,1.51,LMO-LNO,SNL_LMO-LNO_50SOC_b
244.0,32.545,4.0733,1.512,LMO-LNO,SNL_LMO-LNO_50SOC_b
245.0,32.284,4.0736,1.532,LMO-LNO,SNL_LMO-LNO_50SOC_b
246.0,31.703,4.0758,1.58,LMO-LNO,SNL_LMO-LNO_50SOC_b
247.0,32.124,4.0772,1.475,LMO-LNO,SNL_LMO-LNO_50SOC_b
248.0,31.639,4.0758,1.545,LMO-LNO,SNL_LMO-LNO_50SOC_b
249.0,31.856,4.0796,1.495,LMO-LNO,SNL_LMO-LNO_50SOC_b
250.0,31.584,4.0754,1.568,LMO-LNO,SNL_LMO-LNO_50SOC_b
251.0,31.608,4.0726,1.522,LMO-LNO,SNL_LMO-LNO_50SOC_b
252.0,32.384,4.0756,1.474,LMO-LNO,SNL_LMO-LNO_50SOC_b
253.0,31.699,4.073,1.486,LMO-LNO,SNL_LMO-LNO_50SOC_b
254.0,31.892,4.0732,1.478,LMO-LNO,SNL_LMO-LNO_50SOC_b
255.0,32.018,4.074,1.42,LMO-LNO,SNL_LMO-LNO_50SOC_b
256.0,32.108,4.0756,1.472,LMO-LNO,SNL_LMO-LNO_50SOC_b
257.0,31.682,4.0707,1.542,LMO-LNO,SNL_LMO-LNO_50SOC_b
258.0,31.925,4.0724,1.469,LMO-LNO,SNL_LMO-LNO_50SOC_b
259.0,32.691,4.0729,1.522,LMO-LNO,SNL_LMO-LNO_50SOC_b
260.0,31.551,4.0721,1.499,LMO-LNO,SNL_LMO-LNO_50SOC_b
261.0,32.372,4.0759,1.438,LMO-LNO,SNL_LMO-LNO_50SOC_b
262.0,32.611,4.0695,1.526,LMO-LNO,SNL_LMO-LNO_50SOC_b
263.0,32.331,4.0695,1.475,LMO-LNO,SNL_LMO-LNO_50SOC_b
264.0,32.517,4.0686,1.44,LMO-LNO,SNL_LMO-LNO_50SOC_b
265.0,32.456,4.067,1.503,LMO-LNO,SNL_LMO-LNO_50SOC_b
266.0,32.546,4.0721,1.517,LMO-LNO,SNL_LMO-LNO_50SOC_b
267.0,32.766,4.0703,1.566,LMO-LNO,SNL_LMO-LNO_50SOC_b
268.0,32.009,4.0718,1.44,LMO-LNO,SNL_LMO-LNO_50SOC_b
269.0,32.645,4.0723,1.447,LMO-LNO,SNL_LMO-LNO_50SOC_b
270.0,32.799,4.0672,1.413,LMO-LNO,SNL_LMO-LNO_50SOC_b
271.0,32.776,4.0679,1.533,LMO-LNO,SNL_LMO-LNO_50SOC_b
272.0,32.706,4.0651,1.465,LMO-LNO,SNL_LMO-LNO_50SOC_b
273.0,32.31,4.0688,1.526,LMO-LNO,SNL_LMO-LNO_50SOC_b
274.0,32.579,4.0663,1.508,LMO-LNO,SNL_LMO-LNO_50SOC_b
275.0,33.361,4.0703,1.482,LMO-LNO,SNL_LMO-LNO_50SOC_b
276.0,32.719,4.0689,1.444,LMO-LNO,SNL_LMO-LNO_50SOC_b
277.0,32.466,4.0667,1.591,LMO-LNO,SNL_LMO-LNO_50SOC_b
278.0,33.177,4.0707,1.496,LMO-LNO,SNL_LMO-LNO_50SOC_b
279.0,32.068,4.0675,1.545,LMO-LNO,SNL_LMO-LNO_50SOC_b
280.0,32.608,4.0673,1.487,LMO-LNO,SNL_LMO-LNO_50SOC_b
281.0,32.697,4.0644,1.494,LMO-LNO,SNL_LMO-LNO_50SOC_b
282.0,32.753,4.0632,1.517,LMO-LNO,SNL_LMO-LNO_50SOC_b
283.0,33.043,4.0647,1.571,LMO-LNO,SNL_LMO-LNO_50SOC_b
284.0,33.298,4.0593,1.522,LMO-LNO,SNL_LMO-LNO_50SOC_b
285.0,32.763,4.0648,1.472,LMO-LNO,SNL_LMO-LNO_50SOC_b
286.0,33.402,4.0628,1.471,LMO-LNO,SNL_LMO-LNO_50SOC_b
287.0,33.105,4.0605,1.405,LMO-LNO,SNL_LMO-LNO_50SOC_b
288.0,32.56,4.0644,1.481,LMO-LNO,SNL_LMO-LNO_50SOC_b
289.0,33.188,4.0623,1.459,LMO-LNO,SNL_LMO-LNO_50SOC_b
290.0,32.574,4.0629,1.528,LMO-LNO,SNL_LMO-LNO_50SOC_b
291.0,32.911,4.0636,1.446,LMO-LNO,SNL_LMO-LNO_50SOC_b
292.0,33.056,4.064,1.498,LMO-LNO,SNL_LMO-LNO_50SOC_b
293.0,32.892,4.0616,1.515,LMO-LNO,SNL_LMO-LNO_50SOC_b
294.0,32.988,4.0627,1.488,LMO-LNO,SNL_LMO-LNO_50SOC_b
295.0,32.703,4.0582,1.479,LMO-LNO,SNL_LMO-LNO_50SOC_b
296.0,33.003,4.0618,1.461,LMO-LNO,SNL_LMO-LNO_50SOC_b
297.0,32.871,4.0581,1.416,LMO-LNO,SNL_LMO-LNO_50SOC_b
298.0,33.467,4.0598,1.547,LMO-LNO,SNL_LMO-LNO_50SOC_b
299.0,33.193,4.0579,1.456,LMO-LNO,SNL_LMO-LNO_50SOC_b
300.0,33.128,4.0622,1.52,LMO-LNO,SNL_LMO-LNO_50SOC_b
301.0,33.063,4.0588,1.631,LMO-LNO,SNL_LMO-LNO_50SOC_b
302.0,33.414,4.0591,1.459,LMO-LNO,SNL_LMO-LNO_50SOC_b
303.0,32.824,4.0614,1.459,LMO-LNO,SNL_LMO-LNO_50SOC_b
304.0,33.95,4.0587,1.449,LMO-LNO,SNL_LMO-LNO_50SOC_b
305.0,33.025,4.0599,1.539,LMO-LNO,SNL_LMO-LNO_50SOC_b
306.0,32.99,4.056,1.5,LMO-LNO,SNL_LMO-LNO_50SOC_b
307.0,33.307,4.0587,1.59,LMO-LNO,SNL_LMO-LNO_50SOC_b
308.0,32.88,4.0603,1.455,LMO-LNO,SNL_LMO-LNO_50SOC_b
309.0,33.285,4.0573,1.449,LMO-LNO,SNL_LMO-LNO_50SOC_b
310.0,33.827,4.0573,1.445,LMO-LNO,SNL_LMO-LNO_50SOC_b
311.0,33.452,4.0568,1.501,LMO-LNO,SNL_LMO-LNO_50SOC_b
312.0,33.641,4.0556,1.496,LMO-LNO,SNL_LMO-LNO_50SOC_b
313.0,33.776,4.054,1.46,LMO-LNO,SNL_LMO-LNO_50SOC_b
314.0,33.45,4.0554,1.515,LMO-LNO,SNL_LMO-LNO_50SOC_b
315.0,33.945,4.0513,1.455,LMO-LNO,SNL_LMO-LNO_50SOC_b
316.0,33.611,4.0576,1.524,LMO-LNO,SNL_LMO-LNO_50SOC_b
317.0,33.859,4.0587,1.514,LMO-LNO,SNL_LMO-LNO_50SOC_b
318.0,34.338,4.0547,1.479,LMO-LNO,SNL_LMO-LNO_50SOC_b
319.0,33.956,4.056,1.534,LMO-LNO,SNL_LMO-LNO_50SOC_b
320.0,33.616,4.0527,1.495,LMO-LNO,SNL_LMO-LNO_50SOC_b
321.0,33.911,4.0551,1.435,LMO-LNO,SNL_LMO-LNO_50SOC_b
322.0,33.674,4.0519,1.572,LMO-LNO,SNL_LMO-LNO_50SOC_b
323.0,34.755,4.0537,1.476,LMO-LNO,SNL_LMO-LNO_50SOC_b
324.0,33.603,4.0528,1.475,LMO-LNO,SNL_LMO-LNO_50SOC_b
325.0,34.012,4.0547,1.384,LMO-LNO,SNL_LMO-LNO_50SOC_b
326.0,33.797,4.0502,1.544,LMO-LNO,SNL_LMO-LNO_50SOC_b
327.0,34.718,4.054,1.507,LMO-LNO,SNL_LMO-LNO_50SOC_b
328.0,34.197,4.05,1.455,LMO-LNO,SNL_LMO-LNO_50SOC_b
329.0,34.079,4.0508,1.47,LMO-LNO,SNL_LMO-LNO_50SOC_b
330.0,34.174,4.0505,1.499,LMO-LNO,SNL_LMO-LNO_50SOC_b
331.0,34.546,4.054,1.471,LMO-LNO,SNL_LMO-LNO_50SOC_b
332.0,34.577,4.05,1.535,LMO-LNO,SNL_LMO-LNO_50SOC_b
333.0,34.553,4.0504,1.571,LMO-LNO,SNL_LMO-LNO_50SOC_b
334.0,34.237,4.0496,1.526,LMO-LNO,SNL_LMO-LNO_50SOC_b
335.0,34.899,4.0505,1.431,LMO-LNO,SNL_LMO-LNO_50SOC_b
336.0,34.5,4.0494,1.547,LMO-LNO,SNL_LMO-LNO_50SOC_b
337.0,34.44,4.0489,1.568,LMO-LNO,SNL_LMO-LNO_50SOC_b
338.0,34.275,4.048,1.479,LMO-LNO,SNL_LMO-LNO_50SOC_b
339.0,34.653,4.0471,1.477,LMO-LNO,SNL_LMO-LNO_50SOC_b
340.0,34.456,4.0423,1.524,LMO-LNO,SNL_LMO-LNO_50SOC_b
341.0,34.926,4.0443,1.494,LMO-LNO,SNL_LMO-LNO_50SOC_b
342.0,35.131,4.0459,1.5,LMO-LNO,SNL_LMO-LNO_50SOC_b
343.0,34.148,4.0504,1.504,LMO-LNO,SNL_LMO-LNO_50SOC_b
344.0,34.648,4.0495,1.467,LMO-LNO,SNL_LMO-LNO_50SOC_b
345.0,34.354,4.0452,1.475,LMO-LNO,SNL_LMO-LNO_50SOC_b
346.0,34.47,4.042,1.503,LMO-LNO,SNL_LMO-LNO_50SOC_b
347.0,34.198,4.0491,1.491,LMO-LNO,SNL_LMO-LNO_50SOC_b
348.0,34.427,4.0442,1.594,LMO-LNO,SNL_LMO-LNO_50SOC_b
349.0,34.387,4.0473,1.388,LMO-LNO,SNL_LMO-LNO_50SOC_b
350.0,35.054,4.0448,1.522,LMO-LNO,SNL_LMO-LNO_50SOC_b
351.0,34.493,4.0488,1.509,LMO-LNO,SNL_LMO-LNO_50SOC_b
352.0,35.596,4.0472,1.587,LMO-LNO,SNL_LMO-LNO_50SOC_b
353.0,34.651,4.0428,1.504,LMO-LNO,SNL_LMO-LNO_50SOC_b
354.0,34.891,4.0498,1.554,LMO-LNO,SNL_LMO-LNO_50SOC_b
355.0,35.02,4.0447,1.5,LMO-LNO,SNL_LMO-LNO_50SOC_b
356.0,35.007,4.0411,1.495,LMO-LNO,SNL_LMO-LNO_50SOC_b
357.0,35.175,4.0436,1.471,LMO-LNO,SNL_LMO-LNO_50SOC_b
358.0,35.518,4.0445,1.496,LMO-LNO,SNL_LMO-LNO_50SOC_b
359.0,34.642,4.0411,1.511,LMO-LNO,SNL_LMO-LNO_50SOC_b
360.0,35.168,4.041,1.547,LMO-LNO,SNL_LMO-LNO_50SOC_b
361.0,34.692,4.0384,1.512,LMO-LNO,SNL_LMO-LNO_50SOC_b
362.0,34.622,4.0394,1.52,LMO-LNO,SNL_LMO-LNO_50SOC_b
363.0,34.696,4.0419,1.463,LMO-LNO,SNL_LMO-LNO_50SOC_b
364.0,35.0,4.0399,1.473,LMO-LNO,SNL_LMO-LNO_50SOC_b
365.0,34.97,4.0389,1.44,LMO-LNO,SNL_LMO-LNO_50SOC_b
366.0,35.557,4.0414,1.454,LMO-LNO,SNL_LMO-LNO_50SOC_b
367.0,34.584,4.0426,1.48,LMO-LNO,SNL_LMO-LNO_50SOC_b
368.0,35.658,4.0404,1.498,LMO-LNO,SNL_LMO-LNO_50SOC_b
369.0,35.236,4.04,1.516,LMO-LNO,SNL_LMO-LNO_50SOC_b
370.0,35.664,4.0358,1.527,LMO-LNO,SNL_LMO-LNO_50SOC_b
371.0,36.104,4.0374,1.512,LMO-LNO,SNL_LMO-LNO_50SOC_b
372.0,35.107,4.0391,1.537,LMO-LNO,SNL_LMO-LNO_50SOC_b
373.0,35.379,4.0398,1.535,LMO-LNO,SNL_LMO-LNO_50SOC_b
374.0,35.748,4.0394,1.447,LMO-LNO,SNL_LMO-LNO_50SOC_b
375.0,35.549,4.044,1.447,LMO-LNO,SNL_LMO-LNO_50SOC_b
376.0,35.642,4.0354,1.505,LMO-LNO,SNL_LMO-LNO_50SOC_b
377.0,36.055,4.0403,1.426,LMO-LNO,SNL_LMO-LNO_50SOC_b
378.0,35.859,4.0341,1.476,LMO-LNO,SNL_LMO-LNO_50SOC_b
379.0,35.178,4.0333,1.488,LMO-LNO,SNL_LMO-LNO_50SOC_b
380.0,35.823,4.0378,1.475,LMO-LNO,SNL_LMO-LNO_50SOC_b
381.0,35.854,4.0337,1.505,LMO-LNO,SNL_LMO-LNO_50SOC_b
382.0,35.169,4.0314,1.463,LMO-LNO,SNL_LMO-LNO_50SOC_b
383.0,35.46,4.0368,1.445,LMO-LNO,SNL_LMO-LNO_50SOC_b
384.0,35.535,4.036,1.533,LMO-LNO,SNL_LMO-LNO_50SOC_b
385.0,35.134,4.0347,1.524,LMO-LNO,SNL_LMO-LNO_50SOC_b
386.0,35.654,4.0382,1.576,LMO-LNO,SNL_LMO-LNO_50SOC_b
387.0,35.97,4.0319,1.455,LMO-LNO,SNL_LMO-LNO_50SOC_b
388.0,35.968,4.0344,1.547,LMO-LNO,SNL_LMO-LNO_50SOC_b
389.0,35.624,4.0352,1.411,LMO-LNO,SNL_LMO-LNO_50SOC_b
390.0,36.088,4.0312,1.483,LMO-LNO,SNL_LMO-LNO_50SOC_b
391.0,36.798,4.0329,1.427,LMO-LNO,SNL_LMO-LNO_50SOC_b
392.0,35.717,4.0323,1.469,LMO-LNO,SNL_LMO-LNO_50SOC_b
393.0,36.143,4.0306,1.54,LMO-LNO,SNL_LMO-LNO_50SOC_b
394.0,36.378,4.0342,1.424,LMO-LNO,SNL_LMO-LNO_50SOC_b
395.0,36.691,4.0318,1.516,LMO-LNO,SNL_LMO-LNO_50SOC_b
396.0,36.561,4.0326,1.549,LMO-LNO,SNL_LMO-LNO_50SOC_b
397.0,35.754,4.0319,1.509,LMO-LNO,SNL_LMO-LNO_50SOC_b
398.0,36.135,4.0327,1.462,LMO-LNO,SNL_LMO-LNO_50SOC_b
399.0,36.637,4.0264,1.487,LMO-LNO,SNL_LMO-LNO_50SOC_b
400.0,36.443,4.0269,1.533,LMO-LNO,SNL_LMO-LNO_50SOC_b
401.0,35.934,4.0297,1.419,LMO-LNO,SNL_LMO-LNO_50SOC_b
402.0,36.964,4.0278,1.474,LMO-LNO,SNL_LMO-LNO_50SOC_b
403.0,36.48,4.0299,1.48,LMO-LNO,SNL_LMO-LNO_50SOC_b
404.0,36.418,4.0322,1.445,LMO-LNO,SNL_LMO-LNO_50SOC_b
405.0,35.969,4.0301,1.455,LMO-LNO,SNL_LMO-LNO_50SOC_b
406.0,36.478,4.0305,1.491,LMO-LNO,SNL_LMO-LNO_50SOC_b
407.0,36.466,4.0281,1.601,LMO-LNO,SNL_LMO-LNO_50SOC_b
408.0,36.396,4.0263,1.559,LMO-LNO,SNL_LMO-LNO_50SOC_b
409.0,36.954,4.0283,1.501,LMO-LNO,SNL_LMO-LNO_50SOC_b
410.0,36.282,4.0276,1.45,LMO-LNO,SNL_LMO-LNO_50SOC_b
411.0,36.219,4.0267,1.457,LMO-LNO,SNL_LMO-LNO_50SOC_b
412.0,35.858,4.0263,1.521,LMO-LNO,SNL_LMO-LNO_50SOC_b
413.0,36.517,4.0251,1.493,LMO-LNO,SNL_LMO-LNO_50SOC_b
414.0,37.265,4.0252,1.485,LMO-LNO,SNL_LMO-LNO_50SOC_b
415.0,37.318,4.0244,1.409,LMO-LNO,SNL_LMO-LNO_50SOC_b
416.0,36.65,4.0288,1.462,LMO-LNO,SNL_LMO-LNO_50SOC_b
417.0,36.783,4.0248,1.531,LMO-LNO,SNL_LMO-LNO_50SOC_b
418.0,36.731,4.0264,1.501,LMO-LNO,SNL_LMO-LNO_50SOC_b
419.0,36.621,4.0238,1.45,LMO-LNO,SNL_LMO-LNO_50SOC_b
420.0,37.189,4.0227,1.533,LMO-LNO,SNL_LMO-LNO_50SOC_b
421.0,36.921,4.0268,1.443,LMO-LNO,SNL_LMO-LNO_50SOC_b
422.0,36.378,4.0229,1.547,LMO-LNO,SNL_LMO-LNO_50SOC_b
423.0,36.75,4.0263,1.571,LMO-LNO,SNL_LMO-LNO_50SOC_b
424.0,36.305,4.0211,1.486,LMO-LNO,SNL_LMO-LNO_50SOC_b
425.0,37.117,4.0234,1.441,LMO-LNO,SNL_LMO-LNO_50SOC_b
426.0,36.311,4.0246,1.516,LMO-LNO,SNL_LMO-LNO_50SOC_b
427.0,37.212,4.0193,1.5,LMO-LNO,SNL_LMO-LNO_50SOC_b
428.0,37.067,4.0239,1.579,LMO-LNO,SNL_LMO-LNO_50SOC_b
429.0,37.023,4.0191,1.475,LMO-LNO,SNL_LMO-LNO_50SOC_b
430.0,37.312,4.0236,1.527,LMO-LNO,SNL_LMO-LNO_50SOC_b
431.0,37.393,4.0234,1.582,LMO-LNO,SNL_LMO-LNO_50SOC_b
432.0,37.31,4.0223,1.513,LMO-LNO,SNL_LMO-LNO_50SOC_b
433.0,36.7,4.022,1.56,LMO-LNO,SNL_LMO-LNO_50SOC_b
434.0,37.09,4.0197,1.464,LMO-LNO,SNL_LMO-LNO_50SOC_b
435.0,36.961,4.0181,1.495,LMO-LNO,SNL_LMO-LNO_50SOC_b
436.0,37.56,4.0238,1.575,LMO-LNO,SNL_LMO-LNO_50SOC_b
437.0,37.346,4.0167,1.449,LMO-LNO,SNL_LMO-LNO_50SOC_b
438.0,36.936,4.0173,1.529,LMO-LNO,SNL_LMO-LNO_50SOC_b
439.0,37.265,4.0189,1.476,LMO-LNO,SNL_LMO-LNO_50SOC_b
440.0,37.318,4.0153,1.464,LMO-LNO,SNL_LMO-LNO_50SOC_b
441.0,37.329,4.02,1.535,LMO-LNO,SNL_LMO-LNO_50SOC_b
442.0,36.815,4.0173,1.435,LMO-LNO,SNL_LMO-LNO_50SOC_b
443.0,37.46,4.0167,1.544,LMO-LNO,SNL_LMO-LNO_50SOC_b
444.0,38.047,4.0147,1.536,LMO-LNO,SNL_LMO-LNO_50SOC_b
445.0,37.66,4.0128,1.436,LMO-LNO,SNL_LMO-LNO_50SOC_b
446.0,37.706,4.018,1.472,LMO-LNO,SNL_LMO-LNO_50SOC_b
447.0,37.46,4.0138,1.507,LMO-LNO,SNL_LMO-LNO_50SOC_b
448.0,37.203,4.0166,1.46,LMO-LNO,SNL_LMO-LNO_50SOC_b
449.0,38.089,4.016,1.454,LMO-LNO,SNL_LMO-LNO_50SOC_b
450.0,37.496,4.014,1.476,LMO-LNO,SNL_LMO-LNO_50SOC_b
451.0,37.493,4.0152,1.553,LMO-LNO,SNL_LMO-LNO_50SOC_b
452.0,37.347,4.0157,1.456,LMO-LNO,SNL_LMO-LNO_50SOC_b
453.0,37.339,4.0154,1.527,LMO-LNO,SNL_LMO-LNO_50SOC_b
454.0,37.718,4.0166,1.46,LMO-LNO,SNL_LMO-LNO_50SOC_b
455.0,38.019,4.0173,1.535,LMO-LNO,SNL_LMO-LNO_50SOC_b
456.0,37.423,4.0118,1.513,LMO-LNO,SNL_LMO-LNO_50SOC_b
457.0,36.972,4.0125,1.527,LMO-LNO,SNL_LMO-LNO_50SOC_b
458.0,38.098,4.0133,1.53,LMO-LNO,SNL_LMO-LNO_50SOC_b
459.0,38.058,4.0137,1.538,LMO-LNO,SNL_LMO-LNO_50SOC_b
460.0,37.707,4.0075,1.555,LMO-LNO,SNL_LMO-LNO_50SOC_b
461.0,37.648,4.0118,1.547,LMO-LNO,SNL_LMO-LNO_50SOC_b
462.0,37.756,4.0089,1.491,LMO-LNO,SNL_LMO-LNO_50SOC_b
463.0,38.113,4.0119,1.499,LMO-LNO,SNL_LMO-LNO_50SOC_b
464.0,37.453,4.0096,1.52,LMO-LNO,SNL_LMO-LNO_50SOC_b
465.0,37.879,4.0106,1.429,LMO-LNO,SNL_LMO-LNO_50SOC_b
466.0,38.332,4.0082,1.466,LMO-LNO,SNL_LMO-LNO_50SOC_b
467.0,38.3,4.0083,1.458,LMO-LNO,SNL_LMO-LNO_50SOC_b
468.0,38.048,4.0068,1.477,LMO-LNO,SNL_LMO-LNO_50SOC_b
469.0,38.208,4.0088,1.502,LMO-LNO,SNL_LMO-LNO_50SOC_b
470.0,37.908,4.0102,1.502,LMO-LNO,SNL_LMO-LNO_50SOC_b
471.0,38.246,4.0094,1.558,LMO-LNO,SNL_LMO-LNO_50SOC_b
472.0,37.903,4.004,1.472,LMO-LNO,SNL_LMO-LNO_50SOC_b
473.0,37.82,4.0084,1.481,LMO-LNO,SNL_LMO-LNO_50SOC_b
474.0,38.483,4.0054,1.503,LMO-LNO,SNL_LMO-LNO_50SOC_b
475.0,38.885,4.0109,1.451,LMO-LNO,SNL_LMO-LNO_50SOC_b
476.0,38.446,4.0052,1.464,LMO-LNO,SNL_LMO-LNO_50SOC_b
477.0,38.301,4.008,1.532,LMO-LNO,SNL_LMO-LNO_50SOC_b
478.0,38.323,4.0069,1.488,LMO-LNO,SNL_LMO-LNO_50SOC_b
479.0,38.585,4.0051,1.567,LMO-LNO,SNL_LMO-LNO_50SOC_b
480.0,39.009,4.011,1.478,LMO-LNO,SNL_LMO-LNO_50SOC_b
481.0,38.005,4.0042,1.475,LMO-LNO,SNL_LMO-LNO_50SOC_b
482.0,38.965,4.003,1.506,LMO-LNO,SNL_LMO-LNO_50SOC_b
483.0,38.593,4.0068,1.517,LMO-LNO,SNL_LMO-LNO_50SOC_b
484.0,38.005,4.006,1.444,LMO-LNO,SNL_LMO-LNO_50SOC_b
485.0,38.551,4.0053,1.524,LMO-LNO,SNL_LMO-LNO_50SOC_b
486.0,38.312,4.0063,1.481,LMO-LNO,SNL_LMO-LNO_50SOC_b
487.0,38.808,4.0069,1.553,LMO-LNO,SNL_LMO-LNO_50SOC_b
488.0,38.471,4.0039,1.528,LMO-LNO,SNL_LMO-LNO_50SOC_b
489.0,38.966,4.0029,1.55,LMO-LNO,SNL_LMO-LNO_50SOC_b
490.0,38.743,4.0033,1.453,LMO-LNO,SNL_LMO-LNO_50SOC_b
491.0,38.886,4.0036,1.484,LMO-LNO,SNL_LMO-LNO_50SOC_b
492.0,38.71,4.001,1.486,LMO-LNO,SNL_LMO-LNO_50SOC_b
493.0,38.687,4.0055,1.433,LMO-LNO,SNL_LMO-LNO_50SOC_b
494.0,39.053,4.0026,1.504,LMO-LNO,SNL_LMO-LNO_50SOC_b
495.0,38.419,4.0011,1.495,LMO-LNO,SNL_LMO-LNO_50SOC_b
496.0,38.968,4.0021,1.454,LMO-LNO,SNL_LMO-LNO_50SOC_b
497.0,38.674,3.9995,1.427,LMO-LNO,SNL_LMO-LNO_50SOC_b
498.0,39.214,3.9998,1.505,LMO-LNO,SNL_LMO-LNO_50SOC_b
499.0,38.936,4.0004,1.476,LMO-LNO,SNL_LMO-LNO_50SOC_b
500.0,39.887,4.0004,1.467,LMO-LNO,SNL_LMO-LNO_50SOC_b
501.0,38.438,3.9987,1.439,LMO-LNO,SNL_LMO-LNO_50SOC_b
502.0,39.197,3.9906,1.466,LMO-LNO,SNL_LMO-LNO_50SOC_b
503.0,39.755,3.9951,1.424,LMO-LNO,SNL_LMO-LNO_50SOC_b
504.0,38.142,4.0007,1.5,LMO-LNO,SNL_LMO-LNO_50SOC_b
505.0,38.318,3.9994,1.442,LMO-LNO,SNL_LMO-LNO_50SOC_b
506.0,39.295,3.9994,1.521,LMO-LNO,SNL_LMO-LNO_50SOC_b
507.0,38.545,3.9993,1.413,LMO-LNO,SNL_LMO-LNO_50SOC_b
508.0,39.619,3.9936,1.576,LMO-LNO,SNL_LMO-LNO_50SOC_b
509.0,38.956,3.9941,1.498,LMO-LNO,SNL_LMO-LNO_50SOC_b
510.0,39.418,3.9941,1.461,LMO-LNO,SNL_LMO-LNO_50SOC_b
511.0,39.518,3.9956,1.509,LMO-LNO,SNL_LMO-LNO_50SOC_b
512.0,38.654,3.9957,1.5,LMO-LNO,SNL_LMO-LNO_50SOC_b
513.0,39.423,3.9969,1.488,LMO-LNO,SNL_LMO-LNO_50SOC_b
514.0,39.299,3.9964,1.45,LMO-LNO,SNL_LMO-LNO_50SOC_b
515.0,39.387,3.9961,1.509,LMO-LNO,SNL_LMO-LNO_50SOC_b
516.0,39.222,3.9962,1.528,LMO-LNO,SNL_LMO-LNO_50SOC_b
517.0,39.611,3.995,1.515,LMO-LNO,SNL_LMO-LNO_50SOC_b
518.0,39.389,3.9936,1.582,LMO-LNO,SNL_LMO-LNO_50SOC_b
519.0,39.666,3.9948,1.458,LMO-LNO,SNL_LMO-LNO_50SOC_b
520.0,39.374,3.9978,1.519,LMO-LNO,SNL_LMO-LNO_50SOC_b
521.0,39.282,3.9917,1.587,LMO-LNO,SNL_LMO-LNO_50SOC_b
522.0,40.152,3.9961,1.47,LMO-LNO,SNL_LMO-LNO_50SOC_b
523.0,39.33,3.9967,1.518,LMO-LNO,SNL_LMO-LNO_50SOC_b
524.0,39.578,3.9957,1.467,LMO-LNO,SNL_LMO-LNO_50SOC_b
525.0,40.47,3.993,1.52,LMO-LNO,SNL_LMO-LNO_50SOC_b
526.0,39.514,3.9885,1.514,LMO-LNO,SNL_LMO-LNO_50SOC_b
527.0,40.157,3.9931,1.499,LMO-LNO,SNL_LMO-LNO_50SOC_b
528.0,39.436,3.9921,1.449,LMO-LNO,SNL_LMO-LNO_50SOC_b
529.0,39.963,3.9916,1.54,LMO-LNO,SNL_LMO-LNO_50SOC_b
530.0,40.144,3.9847,1.481,LMO-LNO,SNL_LMO-LNO_50SOC_b
531.0,40.768,3.9877,1.512,LMO-LNO,SNL_LMO-LNO_50SOC_b
532.0,39.893,3.9895,1.448,LMO-LNO,SNL_LMO-LNO_50SOC_b
533.0,40.089,3.9904,1.46,LMO-LNO,SNL_LMO-LNO_50SOC_b
534.0,39.958,3.9962,1.492,LMO-LNO,SNL_LMO-LNO_50SOC_b
535.0,40.048,3.9861,1.527,LMO-LNO,SNL_LMO-LNO_50SOC_b
536.0,40.41,3.9865,1.608,LMO-LNO,SNL_LMO-LNO_50SOC_b
537.0,40.047,3.9916,1.498,LMO-LNO,SNL_LMO-LNO_50SOC_b
538.0,39.946,3.9849,1.477,LMO-LNO,SNL_LMO-LNO_50SOC_b
539.0,40.323,3.9847,1.443,LMO-LNO,SNL_LMO-LNO_50SOC_b
540.0,40.936,3.9961,1.827,LMO-LNO,SNL_LMO-LNO_50SOC_b
541.0,41.467,3.9996,2.153,LMO-LNO,SNL_LMO-LNO_50SOC_b
542.0,40.041,3.9813,2.8,LMO-LNO,SNL_LMO-LNO_50SOC_b
543.0,39.998,3.9801,3.235,LMO-LNO,SNL_LMO-LNO_50SOC_b
544.0,40.992,3.985,3.91,LMO-LNO,SNL_LMO-LNO_50SOC_b
545.0,41.334,3.9681,4.447,LMO-LNO,SNL_LMO-LNO_50SOC_b
546.0,41.802,3.9241,4.465,LMO-LNO,SNL_LMO-LNO_50SOC_b
547.0,42.531,3.9064,4.58,LMO-LNO,SNL_LMO-LNO_50SOC_b
548.0,42.605,3.8944,5.177,LMO-LNO,SNL_LMO-LNO_50SOC_b
549.0,44.362,3.8784,5.647,LMO-LNO,SNL_LMO-LNO_50SOC_b
550.0,45.851,3.8676,6.158,LMO-LNO,SNL_LMO-LNO_50SOC_b
551.0,47.364,3.8746,6.594,LMO-LNO,SNL_LMO-LNO_50SOC_b
552.0,48.188,3.8563,6.832,LMO-LNO,SNL_LMO-LNO_50SOC_b
553.0,48.552,3.8319,7.64,LMO-LNO,SNL_LMO-LNO_50SOC_b
554.0,48.568,3.8034,8.151,LMO-LNO,SNL_LMO-LNO_50SOC_b
555.0,51.075,3.7837,8.833,LMO-LNO,SNL_LMO-LNO_50SOC_b
556.0,51.718,3.7708,9.108,LMO-LNO,SNL_LMO-LNO_50SOC_b
557.0,53.108,3.738,9.383,LMO-LNO,SNL_LMO-LNO_50SOC_b
558.0,53.828,3.712,9.429,LMO-LNO,SNL_LMO-LNO_50SOC_b
559.0,55.663,3.6725,9.847,LMO-LNO,SNL_LMO-LNO_50SOC_b
560.0,57.118,3.6253,10.206,LMO-LNO,SNL_LMO-LNO_50SOC_b
561.0,60.012,3.5872,10.782,LMO-LNO,SNL_LMO-LNO_50SOC_b
562.0,61.417,3.549,11.394,LMO-LNO,SNL_LMO-LNO_50SOC_b
563.0,62.964,3.5296,11.801,LMO-LNO,SNL_LMO-LNO_50SOC_b
564.0,65.965,3.4984,12.147,LMO-LNO,SNL_LMO-LNO_50SOC_b
565.0,68.371,3.4595,12.701,LMO-LNO,SNL_LMO-LNO_50SOC_b
566.0,71.659,3.4196,13.277,LMO-LNO,SNL_LMO-LNO_50SOC_b
567.0,73.739,3.376,13.818,LMO-LNO,SNL_LMO-LNO_50SOC_b
568.0,75.583,3.3344,14.125,LMO-LNO,SNL_LMO-LNO_50SOC_b
569.0,81.181,3.2822,14.733,LMO-LNO,SNL_LMO-LNO_50SOC_b
570.0,92.262,3.1426,16.233,LMO-LNO,SNL_LMO-LNO_50SOC_b
571.0,105.967,2.952,17.733,LMO-LNO,SNL_LMO-LNO_50SOC_b
572.0,118.917,2.7031,19.233,LMO-LNO,SNL_LMO-LNO_50SOC_b
573.0,134.069,2.5146,20.733,LMO-LNO,SNL_LMO-LNO_50SOC_b
574.0,147.3,2.2932,22.233,LMO-LNO,SNL_LMO-LNO_50SOC_b
575.0,159.435,2.1293,23.733,LMO-LNO,SNL_LMO-LNO_50SOC_b
576.0,172.713,2.0033,25.233,LMO-LNO,SNL_LMO-LNO_50SOC_b
577.0,188.891,1.8899,26.733,LMO-LNO,SNL_LMO-LNO_50SOC_b
578.0,204.115,1.8122,28.233,LMO-LNO,SNL_LMO-LNO_50SOC_b
579.0,218.555,1.6604,29.733,LMO-LNO,SNL_LMO-LNO_50SOC_b
580.0,233.873,1.564,30.0,LMO-LNO,SNL_LMO-LNO_50SOC_b
581.0,248.47,1.3413,30.0,LMO-LNO,SNL_LMO-LNO_50SOC_b
582.0,260.087,1.1775,30.0,LMO-LNO,SNL_LMO-LNO_50SOC_b
583.0,274.946,1.0265,30.0,LMO-LNO,SNL_LMO-LNO_50SOC_b
584.0,290.52,0.9422,30.0,LMO-LNO,SNL_LMO-LNO_50SOC_b
585.0,306.218,0.8525,30.0,LMO-LNO,SNL_LMO-LNO_50SOC_b
586.0,310.0,0.7266,30.0,LMO-LNO,SNL_LMO-LNO_50SOC_b
587.0,310.0,0.4942,30.0,LMO-LNO,SNL_LMO-LNO_50SOC_b
588.0,310.0,0.4104,30.0,LMO-LNO,SNL_LMO-LNO_50SOC_b
589.0,310.0,0.3613,30.0,LMO-LNO,SNL_LMO-LNO_50SOC_b
590.0,310.0,0.3337,30.0,LMO-LNO,SNL_LMO-LNO_50SOC_b
591.0,310.0,0.1848,30.0,LMO-LNO,SNL_LMO-LNO_50SOC_b
592.0,310.0,0.0904,30.0,LMO-LNO,SNL_LMO-LNO_50SOC_b
593.0,310.0,0.0,30.0,LMO-LNO,SNL_LMO-LNO_50SOC_b
594.0,310.0,0.0,30.0,LMO-LNO,SNL_LMO-LNO_50SOC_b
595.0,310.0,0.0,30.0,LMO-LNO,SNL_LMO-LNO_50SOC_b
596.0,310.0,0.0,30.0,LMO-LNO,SNL_LMO-LNO_50SOC_b
597.0,310.0,0.0,30.0,LMO-LNO,SNL_LMO-LNO_50SOC_b
598.0,310.0,0.0,30.0,LMO-LNO,SNL_LMO-LNO_50SOC_b
599.0,310.0,0.0,30.0,LMO-LNO,SNL_LMO-LNO_50SOC_b
600.0,336.243,0.0017,0.0,LMO-LNO,SNL_LMO-LNO_50SOC_b
601.0,335.527,0.0029,0.0,LMO-LNO,SNL_LMO-LNO_50SOC_b
602.0,330.118,0.0027,0.0,LMO-LNO,SNL_LMO-LNO_50SOC_b
603.0,328.513,0.0044,0.0,LMO-LNO,SNL_LMO-LNO_50SOC_b
604.0,325.888,0.0048,0.0,LMO-LNO,SNL_LMO-LNO_50SOC_b
605.0,322.922,0.0045,0.0,LMO-LNO,SNL_LMO-LNO_50SOC_b
606.0,320.228,0.0046,0.0,LMO-LNO,SNL_LMO-LNO_50SOC_b
607.0,320.694,0.0044,0.0,LMO-LNO,SNL_LMO-LNO_50SOC_b
608.0,315.86,0.0035,0.0,LMO-LNO,SNL_LMO-LNO_50SOC_b
609.0,314.54,0.0049,0.0,LMO-LNO,SNL_LMO-LNO_50SOC_b
610.0,313.603,0.0051,0.0,LMO-LNO,SNL_LMO-LNO_50SOC_b
611.0,309.747,0.0049,0.0,LMO-LNO,SNL_LMO-LNO_50SOC_b
612.0,307.416,0.0052,0.0,LMO-LNO,SNL_LMO-LNO_50SOC_b
613.0,304.467,0.0054,0.0,LMO-LNO,SNL_LMO-LNO_50SOC_b
614.0,302.832,0.0051,0.0,LMO-LNO,SNL_LMO-LNO_50SOC_b
615.0,299.582,0.0068,0.0,LMO-LNO,SNL_LMO-LNO_50SOC_b
616.0,301.82,0.0056,0.0,LMO-LNO,SNL_LMO-LNO_50SOC_b
617.0,293.692,0.0046,0.0,LMO-LNO,SNL_LMO-LNO_50SOC_b
618.0,293.27,0.0055,0.0,LMO-LNO,SNL_LMO-LNO_50SOC_b
619.0,292.173,0.0057,0.0,LMO-LNO,SNL_LMO-LNO_50SOC_b
620.0,289.958,0.005,0.0,LMO-LNO,SNL_LMO-LNO_50SOC_b
621.0,286.694,0.005,0.0,LMO-LNO,SNL_LMO-LNO_50SOC_b
622.0,282.595,0.0038,0.0,LMO-LNO,SNL_LMO-LNO_50SOC_b
623.0,281.218,0.0046,0.0,LMO-LNO,SNL_LMO-LNO_50SOC_b
624.0,281.213,0.0052,0.0,LMO-LNO,SNL_LMO-LNO_50SOC_b
625.0,276.047,0.0037,0.0,LMO-LNO,SNL_LMO-LNO_50SOC_b
626.0,277.779,0.0009,0.0,LMO-LNO,SNL_LMO-LNO_50SOC_b
627.0,276.615,0.0,0.0,LMO-LNO,SNL_LMO-LNO_50SOC_b
628.0,274.053,0.0,0.0,LMO-LNO,SNL_LMO-LNO_50SOC_b
629.0,272.387,0.0032,0.0,LMO-LNO,SNL_LMO-LNO_50SOC_b
630.0,265.445,0.0039,0.0,LMO-LNO,SNL_LMO-LNO_50SOC_b
631.0,264.199,0.0043,0.0,LMO-LNO,SNL_LMO-LNO_50SOC_b
632.0,264.674,0.0045,0.0,LMO-LNO,SNL_LMO-LNO_50SOC_b
633.0,261.704,0.0052,0.0,LMO-LNO,SNL_LMO-LNO_50SOC_b
634.0,259.002,0.0065,0.0,LMO-LNO,SNL_LMO-LNO_50SOC_b
635.0,258.679,0.0051,0.0,LMO-LNO,SNL_LMO-LNO_50SOC_b
636.0,259.818,0.005,0.0,LMO-LNO,SNL_LMO-LNO_50SOC_b
637.0,258.436,0.0062,0.0,LMO-LNO,SNL_LMO-LNO_50SOC_b
638.0,252.54,0.0061,0.0,LMO-LNO,SNL_LMO-LNO_50SOC_b
639.0,252.096,0.0077,0.0,LMO-LNO,SNL_LMO-LNO_50SOC_b
640.0,250.762,0.0079,0.0,LMO-LNO,SNL_LMO-LNO_50SOC_b
641.0,248.013,0.0078,0.0,LMO-LNO,SNL_LMO-LNO_50SOC_b
642.0,248.49,0.0078,0.0,LMO-LNO,SNL_LMO-LNO_50SOC_b
643.0,244.175,0.0072,0.0,LMO-LNO,SNL_LMO-LNO_50SOC_b
644.0,242.186,0.0058,0.0,LMO-LNO,SNL_LMO-LNO_50SOC_b
645.0,240.154,0.0073,0.0,LMO-LNO,SNL_LMO-LNO_50SOC_b
646.0,239.246,0.008,0.0,LMO-LNO,SNL_LMO-LNO_50SOC_b
647.0,234.129,0.0086,0.0,LMO-LNO,SNL_LMO-LNO_50SOC_b
648.0,235.909,0.0081,0.0,LMO-LNO,SNL_LMO-LNO_50SOC_b
649.0,234.74,0.0076,0.0,LMO-LNO,SNL_LMO-LNO_50SOC_b
650.0,229.613,0.0086,0.0,LMO-LNO,SNL_LMO-LNO_50SOC_b
651.0,231.508,0.0082,0.0,LMO-LNO,SNL_LMO-LNO_50SOC_b
652.0,228.052,0.0068,0.0,LMO-LNO,SNL_LMO-LNO_50SOC_b
653.0,228.207,0.0084,0.0,LMO-LNO,SNL_LMO-LNO_50SOC_b
654.0,226.56,0.007,0.0,LMO-LNO,SNL_LMO-LNO_50SOC_b
655.0,224.989,0.0069,0.0,LMO-LNO,SNL_LMO-LNO_50SOC_b
656.0,224.357,0.0076,0.0,LMO-LNO,SNL_LMO-LNO_50SOC_b
657.0,217.004,0.0081,0.0,LMO-LNO,SNL_LMO-LNO_50SOC_b
658.0,218.411,0.0067,0.0,LMO-LNO,SNL_LMO-LNO_50SOC_b
659.0,218.081,0.0071,0.0,LMO-LNO,SNL_LMO-LNO_50SOC_b
660.0,214.362,0.0078,0.0,LMO-LNO,SNL_LMO-LNO_50SOC_b
661.0,216.439,0.0078,0.0,LMO-LNO,SNL_LMO-LNO_50SOC_b
662.0,212.477,0.0069,0.0,LMO-LNO,SNL_LMO-LNO_50SOC_b
663.0,213.813,0.0053,0.0,LMO-LNO,SNL_LMO-LNO_50SOC_b
664.0,212.378,0.0052,0.0,LMO-LNO,SNL_LMO-LNO_50SOC_b
665.0,209.158,0.0035,0.0,LMO-LNO,SNL_LMO-LNO_50SOC_b
666.0,207.613,0.0041,0.0,LMO-LNO,SNL_LMO-LNO_50SOC_b
667.0,204.371,0.0046,0.0,LMO-LNO,SNL_LMO-LNO_50SOC_b
668.0,205.064,0.0039,0.0,LMO-LNO,SNL_LMO-LNO_50SOC_b
669.0,204.779,0.0017,0.0,LMO-LNO,SNL_LMO-LNO_50SOC_b
670.0,202.595,0.0034,0.0,LMO-LNO,SNL_LMO-LNO_50SOC_b
671.0,202.824,0.0038,0.0,LMO-LNO,SNL_LMO-LNO_50SOC_b
672.0,198.812,0.0031,0.0,LMO-LNO,SNL_LMO-LNO_50SOC_b
673.0,197.421,0.0037,0.0,LMO-LNO,SNL_LMO-LNO_50SOC_b
674.0,195.287,0.0044,0.0,LMO-LNO,SNL_LMO-LNO_50SOC_b
675.0,198.331,0.0044,0.0,LMO-LNO,SNL_LMO-LNO_50SOC_b
676.0,191.759,0.003,0.0,LMO-LNO,SNL_LMO-LNO_50SOC_b
677.0,193.596,0.003,0.0,LMO-LNO,SNL_LMO-LNO_50SOC_b
678.0,192.412,0.0024,0.0,LMO-LNO,SNL_LMO-LNO_50SOC_b
679.0,191.02,0.0023,0.0,LMO-LNO,SNL_LMO-LNO_50SOC_b
680.0,187.362,0.0019,0.0,LMO-LNO,SNL_LMO-LNO_50SOC_b
681.0,185.363,0.0038,0.0,LMO-LNO,SNL_LMO-LNO_50SOC_b
682.0,185.722,0.0045,0.0,LMO-LNO,SNL_LMO-LNO_50SOC_b
683.0,183.779,0.0034,0.0,LMO-LNO,SNL_LMO-LNO_50SOC_b
684.0,182.962,0.0045,0.0,LMO-LNO,SNL_LMO-LNO_50SOC_b
685.0,181.27,0.0037,0.0,LMO-LNO,SNL_LMO-LNO_50SOC_b
686.0,181.033,0.0042,0.0,LMO-LNO,SNL_LMO-LNO_50SOC_b
687.0,182.023,0.0045,0.0,LMO-LNO,SNL_LMO-LNO_50SOC_b
688.0,179.293,0.0052,0.0,LMO-LNO,SNL_LMO-LNO_50SOC_b
689.0,175.376,0.0043,0.0,LMO-LNO,SNL_LMO-LNO_50SOC_b
690.0,174.267,0.0029,0.0,LMO-LNO,SNL_LMO-LNO_50SOC_b
691.0,175.884,0.0032,0.0,LMO-LNO,SNL_LMO-LNO_50SOC_b
692.0,173.617,0.0006,0.0,LMO-LNO,SNL_LMO-LNO_50SOC_b
693.0,175.398,0.0,0.0,LMO-LNO,SNL_LMO-LNO_50SOC_b
694.0,174.219,0.0,0.0,LMO-LNO,SNL_LMO-LNO_50SOC_b
695.0,168.758,0.0,0.0,LMO-LNO,SNL_LMO-LNO_50SOC_b
696.0,169.365,0.0,0.0,LMO-LNO,SNL_LMO-LNO_50SOC_b
697.0,166.066,0.0,0.0,LMO-LNO,SNL_LMO-LNO_50SOC_b
698.0,167.705,0.0007,0.0,LMO-LNO,SNL_LMO-LNO_50SOC_b
699.0,168.129,0.0,0.0,LMO-LNO,SNL_LMO-LNO_50SOC_b
700.0,164.62,0.0,0.0,LMO-LNO,SNL_LMO-LNO_50SOC_b
701.0,162.68,0.0,0.0,LMO-LNO,SNL_LMO-LNO_50SOC_b
702.0,162.778,0.001,0.0,LMO-LNO,SNL_LMO-LNO_50SOC_b
703.0,162.475,0.0002,0.0,LMO-LNO,SNL_LMO-LNO_50SOC_b
704.0,161.403,0.0001,0.0,LMO-LNO,SNL_LMO-LNO_50SOC_b
705.0,158.343,0.0,0.0,LMO-LNO,SNL_LMO-LNO_50SOC_b
706.0,156.924,0.0017,0.0,LMO-LNO,SNL_LMO-LNO_50SOC_b
707.0,157.167,0.0019,0.0,LMO-LNO,SNL_LMO-LNO_50SOC_b
708.0,155.263,0.0044,0.0,LMO-LNO,SNL_LMO-LNO_50SOC_b
709.0,156.573,0.0036,0.0,LMO-LNO,SNL_LMO-LNO_50SOC_b
710.0,153.172,0.0034,0.0,LMO-LNO,SNL_LMO-LNO_50SOC_b
711.0,152.777,0.0027,0.0,LMO-LNO,SNL_LMO-LNO_50SOC_b
712.0,152.2,0.0042,0.0,LMO-LNO,SNL_LMO-LNO_50SOC_b
713.0,148.563,0.0031,0.0,LMO-LNO,SNL_LMO-LNO_50SOC_b
714.0,148.808,0.0026,0.0,LMO-LNO,SNL_LMO-LNO_50SOC_b
715.0,151.539,0.0036,0.0,LMO-LNO,SNL_LMO-LNO_50SOC_b
716.0,148.973,0.0034,0.0,LMO-LNO,SNL_LMO-LNO_50SOC_b
717.0,146.151,0.0019,0.0,LMO-LNO,SNL_LMO-LNO_50SOC_b
718.0,146.784,0.0024,0.0,LMO-LNO,SNL_LMO-LNO_50SOC_b
719.0,146.579,0.0022,0.0,LMO-LNO,SNL_LMO-LNO_50SOC_b
720.0,143.484,0.0023,0.0,LMO-LNO,SNL_LMO-LNO_50SOC_b
721.0,144.089,0.0009,0.0,LMO-LNO,SNL_LMO-LNO_50SOC_b
722.0,142.917,0.0009,0.0,LMO-LNO,SNL_LMO-LNO_50SOC_b
723.0,139.294,0.0,0.0,LMO-LNO,SNL_LMO-LNO_50SOC_b
724.0,139.754,0.0014,0.0,LMO-LNO,SNL_LMO-LNO_50SOC_b
725.0,141.555,0.0018,0.0,LMO-LNO,SNL_LMO-LNO_50SOC_b
726.0,141.077,0.0018,0.0,LMO-LNO,SNL_LMO-LNO_50SOC_b
727.0,138.662,0.0013,0.0,LMO-LNO,SNL_LMO-LNO_50SOC_b
728.0,135.566,0.0006,0.0,LMO-LNO,SNL_LMO-LNO_50SOC_b
729.0,132.36,0.0019,0.0,LMO-LNO,SNL_LMO-LNO_50SOC_b
730.0,133.609,0.0011,0.0,LMO-LNO,SNL_LMO-LNO_50SOC_b
731.0,131.928,0.0009,0.0,LMO-LNO,SNL_LMO-LNO_50SOC_b
732.0,135.477,0.003,0.0,LMO-LNO,SNL_LMO-LNO_50SOC_b
733.0,129.481,0.0027,0.0,LMO-LNO,SNL_LMO-LNO_50SOC_b
734.0,129.569,0.0036,0.0,LMO-LNO,SNL_LMO-LNO_50SOC_b
735.0,130.705,0.003,0.0,LMO-LNO,SNL_LMO-LNO_50SOC_b
736.0,129.545,0.0025,0.0,LMO-LNO,SNL_LMO-LNO_50SOC_b
737.0,131.025,0.0031,0.0,LMO-LNO,SNL_LMO-LNO_50SOC_b
738.0,128.783,0.0004,0.0,LMO-LNO,SNL_LMO-LNO_50SOC_b
739.0,126.859,0.0025,0.0,LMO-LNO,SNL_LMO-LNO_50SOC_b
740.0,128.136,0.0006,0.0,LMO-LNO,SNL_LMO-LNO_50SOC_b
741.0,124.871,0.0,0.0,LMO-LNO,SNL_LMO-LNO_50SOC_b
742.0,127.108,0.0002,0.0,LMO-LNO,SNL_LMO-LNO_50SOC_b
743.0,122.596,0.0003,0.0,LMO-LNO,SNL_LMO-LNO_50SOC_b
744.0,119.05,0.0,0.0,LMO-LNO,SNL_LMO-LNO_50SOC_b
745.0,122.235,0.0008,0.0,LMO-LNO,SNL_LMO-LNO_50SOC_b
746.0,118.494,0.0005,0.0,LMO-LNO,SNL_LMO-LNO_50SOC_b
747.0,122.153,0.0,0.0,LMO-LNO,SNL_LMO-LNO_50SOC_b
748.0,120.22,0.0001,0.0,LMO-LNO,SNL_LMO-LNO_50SOC_b
749.0,121.692,0.0,0.0,LMO-LNO,SNL_LMO-LNO_50SOC_b
750.0,118.113,0.0009,0.0,LMO-LNO,SNL_LMO-LNO_50SOC_b
751.0,115.637,0.0006,0.0,LMO-LNO,SNL_LMO-LNO_50SOC_b
752.0,116.205,0.0005,0.0,LMO-LNO,SNL_LMO-LNO_50SOC_b
753.0,117.429,0.001,0.0,LMO-LNO,SNL_LMO-LNO_50SOC_b
754.0,114.307,0.0012,0.0,LMO-LNO,SNL_LMO-LNO_50SOC_b
755.0,116.945,0.0004,0.0,LMO-LNO,SNL_LMO-LNO_50SOC_b
756.0,114.212,0.0002,0.0,LMO-LNO,SNL_LMO-LNO_50SOC_b
757.0,113.191,0.0,0.0,LMO-LNO,SNL_LMO-LNO_50SOC_b
758.0,114.698,0.0,0.0,LMO-LNO,SNL_LMO-LNO_50SOC_b
759.0,113.423,0.0,0.0,LMO-LNO,SNL_LMO-LNO_50SOC_b
760.0,110.253,0.0012,0.0,LMO-LNO,SNL_LMO-LNO_50SOC_b
761.0,111.996,0.0014,0.0,LMO-LNO,SNL_LMO-LNO_50SOC_b
762.0,110.965,0.0011,0.0,LMO-LNO,SNL_LMO-LNO_50SOC_b
763.0,109.135,0.0005,0.0,LMO-LNO,SNL_LMO-LNO_50SOC_b
764.0,109.833,0.0,0.0,LMO-LNO,SNL_LMO-LNO_50SOC_b
765.0,110.04,0.0,0.0,LMO-LNO,SNL_LMO-LNO_50SOC_b
766.0,107.183,0.0008,0.0,LMO-LNO,SNL_LMO-LNO_50SOC_b
767.0,106.533,0.0005,0.0,LMO-LNO,SNL_LMO-LNO_50SOC_b
768.0,105.803,0.0014,0.0,LMO-LNO,SNL_LMO-LNO_50SOC_b
769.0,104.21,0.0012,0.0,LMO-LNO,SNL_LMO-LNO_50SOC_b
770.0,104.58,0.0021,0.0,LMO-LNO,SNL_LMO-LNO_50SOC_b
771.0,103.781,0.0039,0.0,LMO-LNO,SNL_LMO-LNO_50SOC_b
772.0,103.067,0.0037,0.0,LMO-LNO,SNL_LMO-LNO_50SOC_b
773.0,102.421,0.0023,0.0,LMO-LNO,SNL_LMO-LNO_50SOC_b
774.0,100.504,0.0018,0.0,LMO-LNO,SNL_LMO-LNO_50SOC_b
775.0,103.149,0.0018,0.0,LMO-LNO,SNL_LMO-LNO_50SOC_b
776.0,100.109,0.003,0.0,LMO-LNO,SNL_LMO-LNO_50SOC_b
777.0,102.558,0.0043,0.0,LMO-LNO,SNL_LMO-LNO_50SOC_b
778.0,98.353,0.0038,0.0,LMO-LNO,SNL_LMO-LNO_50SOC_b
779.0,101.758,0.004,0.0,LMO-LNO,SNL_LMO-LNO_50SOC_b
780.0,98.046,0.0047,0.0,LMO-LNO,SNL_LMO-LNO_50SOC_b
781.0,99.373,0.0042,0.0,LMO-LNO,SNL_LMO-LNO_50SOC_b
782.0,97.611,0.0051,0.0,LMO-LNO,SNL_LMO-LNO_50SOC_b
783.0,94.965,0.0051,0.0,LMO-LNO,SNL_LMO-LNO_50SOC_b
784.0,94.463,0.0041,0.0,LMO-LNO,SNL_LMO-LNO_50SOC_b
785.0,94.723,0.0046,0.0,LMO-LNO,SNL_LMO-LNO_50SOC_b
786.0,94.522,0.0039,0.0,LMO-LNO,SNL_LMO-LNO_50SOC_b
787.0,94.525,0.0028,0.0,LMO-LNO,SNL_LMO-LNO_50SOC_b
788.0,94.537,0.0039,0.0,LMO-LNO,SNL_LMO-LNO_50SOC_b
789.0,93.226,0.0037,0.0,LMO-LNO,SNL_LMO-LNO_50SOC_b
790.0,93.361,0.0017,0.0,LMO-LNO,SNL_LMO-LNO_50SOC_b
791.0,93.066,0.0048,0.0,LMO-LNO,SNL_LMO-LNO_50SOC_b
792.0,91.54,0.0047,0.0,LMO-LNO,SNL_LMO-LNO_50SOC_b
793.0,92.308,0.0063,0.0,LMO-LNO,SNL_LMO-LNO_50SOC_b
794.0,92.128,0.0042,0.0,LMO-LNO,SNL_LMO-LNO_50SOC_b
795.0,90.987,0.0067,0.0,LMO-LNO,SNL_LMO-LNO_50SOC_b
796.0,90.557,0.0056,0.0,LMO-LNO,SNL_LMO-LNO_50SOC_b
797.0,89.531,0.0043,0.0,LMO-LNO,SNL_LMO-LNO_50SOC_b
798.0,90.447,0.0033,0.0,LMO-LNO,SNL_LMO-LNO_50SOC_b
799.0,88.202,0.0025,0.0,LMO-LNO,SNL_LMO-LNO_50SOC_b
800.0,86.768,0.004,0.0,LMO-LNO,SNL_LMO-LNO_50SOC_b
801.0,87.244,0.0034,0.0,LMO-LNO,SNL_LMO-LNO_50SOC_b
802.0,84.877,0.0015,0.0,LMO-LNO,SNL_LMO-LNO_50SOC_b
803.0,84.227,0.0017,0.0,LMO-LNO,SNL_LMO-LNO_50SOC_b
804.0,87.087,0.0011,0.0,LMO-LNO,SNL_LMO-LNO_50SOC_b
805.0,87.49,0.0004,0.0,LMO-LNO,SNL_LMO-LNO_50SOC_b
806.0,84.298,0.0,0.0,LMO-LNO,SNL_LMO-LNO_50SOC_b
807.0,85.665,0.0021,0.0,LMO-LNO,SNL_LMO-LNO_50SOC_b
808.0,81.065,0.0018,0.0,LMO-LNO,SNL_LMO-LNO_50SOC_b
809.0,85.137,0.0003,0.0,LMO-LNO,SNL_LMO-LNO_50SOC_b
810.0,83.626,0.0015,0.0,LMO-LNO,SNL_LMO-LNO_50SOC_b
811.0,82.433,0.0021,0.0,LMO-LNO,SNL_LMO-LNO_50SOC_b
812.0,84.5,0.004,0.0,LMO-LNO,SNL_LMO-LNO_50SOC_b
813.0,81.313,0.0035,0.0,LMO-LNO,SNL_LMO-LNO_50SOC_b
814.0,79.576,0.0045,0.0,LMO-LNO,SNL_LMO-LNO_50SOC_b
815.0,78.453,0.0042,0.0,LMO-LNO,SNL_LMO-LNO_50SOC_b
816.0,80.222,0.0037,0.0,LMO-LNO,SNL_LMO-LNO_50SOC_b
817.0,80.049,0.0063,0.0,LMO-LNO,SNL_LMO-LNO_50SOC_b
818.0,79.012,0.0058,0.0,LMO-LNO,SNL_LMO-LNO_50SOC_b
819.0,80.285,0.0061,0.0,LMO-LNO,SNL_LMO-LNO_50SOC_b
0.0,26.008,4.1503,1.512,LCO,SNL_LCO_90SOC_a
1.0,23.799,4.1465,1.592,LCO,SNL_LCO_90SOC_a
2.0,25.362,4.1467,1.437,LCO,SNL_LCO_90SOC_a
3.0,25.165,4.1486,1.542,LCO,SNL_LCO_90SOC_a
4.0,25.628,4.1472,1.549,LCO,SNL_LCO_90SOC_a
5.0,26.072,4.1492,1.512,LCO,SNL_LCO_90SOC_a
6.0,25.737,4.1482,1.481,LCO,SNL_LCO_90SOC_a
7.0,24.764,4.152,1.529,LCO,SNL_LCO_90SOC_a
8.0,26.473,4.1472,1.46,LCO,SNL_LCO_90SOC_a
9.0,25.946,4.1496,1.542,LCO,SNL_LCO_90SOC_a
10.0,26.233,4.1507,1.513,LCO,SNL_LCO_90SOC_a
11.0,25.552,4.1457,1.517,LCO,SNL_LCO_90SOC_a
12.0,26.774,4.1444,1.547,LCO,SNL_LCO_90SOC_a
13.0,26.752,4.1473,1.394,LCO,SNL_LCO_90SOC_a
14.0,25.357,4.1461,1.533,LCO,SNL_LCO_90SOC_a
15.0,25.82,4.142,1.466,LCO,SNL_LCO_90SOC_a
16.0,25.994,4.1451,1.52,LCO,SNL_LCO_90SOC_a
17.0,25.19,4.1464,1.559,LCO,SNL_LCO_90SOC_a
18.0,26.222,4.1487,1.426,LCO,SNL_LCO_90SOC_a
19.0,24.858,4.1432,1.479,LCO,SNL_LCO_90SOC_a
20.0,25.911,4.1412,1.481,LCO,SNL_LCO_90SOC_a
21.0,26.001,4.1475,1.513,LCO,SNL_LCO_90SOC_a
22.0,26.874,4.1409,1.551,LCO,SNL_LCO_90SOC_a
23.0,26.609,4.1453,1.548,LCO,SNL_LCO_90SOC_a
24.0,26.169,4.14,1.509,LCO,SNL_LCO_90SOC_a
25.0,26.786,4.1416,1.512,LCO,SNL_LCO_90SOC_a
26.0,25.457,4.1409,1.412,LCO,SNL_LCO_90SOC_a
27.0,26.347,4.1399,1.516,LCO,SNL_LCO_90SOC_a
28.0,25.226,4.1396,1.432,LCO,SNL_LCO_90SOC_a
29.0,26.292,4.1451,1.505,LCO,SNL_LCO_90SOC_a
30.0,26.415,4.1423,1.634,LCO,SNL_LCO_90SOC_a
31.0,26.631,4.1406,1.426,LCO,SNL_LCO_90SOC_a
32.0,27.211,4.1381,1.438,LCO,SNL_LCO_90SOC_a
33.0,26.4,4.1383,1.49,LCO,SNL_LCO_90SOC_a
34.0,26.49,4.1429,1.483,LCO,SNL_LCO_90SOC_a
35.0,26.824,4.1413,1.445,LCO,SNL_LCO_90SOC_a
36.0,27.277,4.142,1.47,LCO,SNL_LCO_90SOC_a
37.0,26.893,4.1414,1.505,LCO,SNL_LCO_90SOC_a
38.0,26.847,4.142,1.419,LCO,SNL_LCO_90SOC_a
39.0,26.866,4.1374,1.427,LCO,SNL_LCO_90SOC_a
40.0,27.48,4.1386,1.516,LCO,SNL_LCO_90SOC_a
41.0,27.2,4.1377,1.533,LCO,SNL_LCO_90SOC_a
42.0,27.106,4.1379,1.519,LCO,SNL_LCO_90SOC_a
43.0,27.697,4.1397,1.452,LCO,SNL_LCO_90SOC_a
44.0,26.919,4.1383,1.496,LCO,SNL_LCO_90SOC_a
45.0,26.295,4.1378,1.493,LCO,SNL_LCO_90SOC_a
46.0,29.023,4.1391,1.464,LCO,SNL_LCO_90SOC_a
47.0,27.43,4.1362,1.55,LCO,SNL_LCO_90SOC_a
48.0,26.087,4.1339,1.502,LCO,SNL_LCO_90SOC_a
49.0,25.878,4.1342,1.512,LCO,SNL_LCO_90SOC_a
50.0,27.249,4.1337,1.517,LCO,SNL_LCO_90SOC_a
51.0,28.655,4.136,1.528,LCO,SNL_LCO_90SOC_a
52.0,27.448,4.1343,1.538,LCO,SNL_LCO_90SOC_a
53.0,27.006,4.1361,1.521,LCO,SNL_LCO_90SOC_a
54.0,26.826,4.1337,1.494,LCO,SNL_LCO_90SOC_a
55.0,26.259,4.1334,1.457,LCO,SNL_LCO_90SOC_a
56.0,28.004,4.1377,1.437,LCO,SNL_LCO_90SOC_a
57.0,28.75,4.1385,1.462,LCO,SNL_LCO_90SOC_a
58.0,27.898,4.1345,1.528,LCO,SNL_LCO_90SOC_a
59.0,27.907,4.131,1.48,LCO,SNL_LCO_90SOC_a
60.0,27.424,4.1306,1.479,LCO,SNL_LCO_90SOC_a
61.0,27.832,4.1278,1.573,LCO,SNL_LCO_90SOC_a
62.0,27.173,4.1296,1.479,LCO,SNL_LCO_90SOC_a
63.0,28.177,4.1332,1.462,LCO,SNL_LCO_90SOC_a
64.0,28.822,4.132,1.49,LCO,SNL_LCO_90SOC_a
65.0,28.89,4.1323,1.481,LCO,SNL_LCO_90SOC_a
66.0,29.058,4.1255,1.515,LCO,SNL_LCO_90SOC_a
67.0,28.002,4.1322,1.421,LCO,SNL_LCO_90SOC_a
68.0,27.249,4.1324,1.559,LCO,SNL_LCO_90SOC_a
69.0,27.513,4.1288,1.516,LCO,SNL_LCO_90SOC_a
70.0,27.269,4.1303,1.466,LCO,SNL_LCO_90SOC_a
71.0,29.146,4.1278,1.502,LCO,SNL_LCO_90SOC_a
72.0,28.435,4.1318,1.642,LCO,SNL_LCO_90SOC_a
73.0,27.834,4.1281,1.554,LCO,SNL_LCO_90SOC_a
74.0,28.371,4.1275,1.533,LCO,SNL_LCO_90SOC_a
75.0,28.645,4.1288,1.512,LCO,SNL_LCO_90SOC_a
76.0,28.331,4.1269,1.5,LCO,SNL_LCO_90SOC_a
77.0,27.478,4.1278,1.523,LCO,SNL_LCO_90SOC_a
78.0,29.627,4.1278,1.441,LCO,SNL_LCO_90SOC_a
79.0,28.084,4.1256,1.562,LCO,SNL_LCO_90SOC_a
80.0,28.346,4.1285,1.426,LCO,SNL_LCO_90SOC_a
81.0,28.084,4.1248,1.504,LCO,SNL_LCO_90SOC_a
82.0,29.346,4.1219,1.58,LCO,SNL_LCO_90SOC_a
83.0,29.327,4.1212,1.522,LCO,SNL_LCO_90SOC_a
84.0,29.145,4.1256,1.507,LCO,SNL_LCO_90SOC_a
85.0,28.824,4.1262,1.486,LCO,SNL_LCO_90SOC_a
86.0,28.675,4.1243,1.481,LCO,SNL_LCO_90SOC_a
87.0,30.379,4.1255,1.439,LCO,SNL_LCO_90SOC_a
88.0,28.797,4.1226,1.512,LCO,SNL_LCO_90SOC_a
89.0,29.171,4.1213,1.437,LCO,SNL_LCO_90SOC_a
90.0,29.938,4.1224,1.468,LCO,SNL_LCO_90SOC_a
91.0,29.524,4.1241,1.567,LCO,SNL_LCO_90SOC_a
92.0,29.314,4.1223,1.469,LCO,SNL_LCO_90SOC_a
93.0,29.024,4.1171,1.554,LCO,SNL_LCO_90SOC_a
94.0,29.469,4.1219,1.416,LCO,SNL_LCO_90SOC_a
95.0,29.968,4.1217,1.502,LCO,SNL_LCO_90SOC_a
96.0,30.381,4.12,1.507,LCO,SNL_LCO_90SOC_a
97.0,28.894,4.1237,1.48,LCO,SNL_LCO_90SOC_a
98.0,29.209,4.1204,1.475,LCO,SNL_LCO_90SOC_a
99.0,29.576,4.1192,1.533,LCO,SNL_LCO_90SOC_a
100.0,30.037,4.1193,1.523,LCO,SNL_LCO_90SOC_a
101.0,28.913,4.1199,1.509,LCO,SNL_LCO_90SOC_a
102.0,29.671,4.1198,1.463,LCO,SNL_LCO_90SOC_a
103.0,30.435,4.1202,1.512,LCO,SNL_LCO_90SOC_a
104.0,29.595,4.1167,1.53,LCO,SNL_LCO_90SOC_a
105.0,30.054,4.1169,1.495,LCO,SNL_LCO_90SOC_a
106.0,29.412,4.1149,1.459,LCO,SNL_LCO_90SOC_a
107.0,29.804,4.1162,1.555,LCO,SNL_LCO_90SOC_a
108.0,30.48,4.1203,1.52,LCO,SNL_LCO_90SOC_a
109.0,30.081,4.1194,1.591,LCO,SNL_LCO_90SOC_a
110.0,31.657,4.1219,1.635,LCO,SNL_LCO_90SOC_a
111.0,30.26,4.1153,1.513,LCO,SNL_LCO_90SOC_a
112.0,30.083,4.118,1.506,LCO,SNL_LCO_90SOC_a
113.0,29.786,4.1158,1.474,LCO,SNL_LCO_90SOC_a
114.0,29.643,4.1125,1.4,LCO,SNL_LCO_90SOC_a
115.0,30.07,4.1152,1.52,LCO,SNL_LCO_90SOC_a
116.0,30.952,4.1187,1.471,LCO,SNL_LCO_90SOC_a
117.0,29.553,4.1121,1.52,LCO,SNL_LCO_90SOC_a
118.0,30.476,4.1112,1.459,LCO,SNL_LCO_90SOC_a
119.0,29.952,4.1173,1.409,LCO,SNL_LCO_90SOC_a
120.0,30.586,4.1149,1.562,LCO,SNL_LCO_90SOC_a
121.0,31.245,4.1127,1.554,LCO,SNL_LCO_90SOC_a
122.0,30.653,4.1125,1.516,LCO,SNL_LCO_90SOC_a
123.0,31.569,4.1115,1.413,LCO,SNL_LCO_90SOC_a
124.0,30.024,4.116,1.551,LCO,SNL_LCO_90SOC_a
125.0,30.999,4.1115,1.517,LCO,SNL_LCO_90SOC_a
126.0,31.609,4.1152,1.44,LCO,SNL_LCO_90SOC_a
127.0,30.813,4.1123,1.539,LCO,SNL_LCO_90SOC_a
128.0,30.45,4.1093,1.522,LCO,SNL_LCO_90SOC_a
129.0,31.367,4.1075,1.502,LCO,SNL_LCO_90SOC_a
130.0,32.301,4.1132,1.529,LCO,SNL_LCO_90SOC_a
131.0,30.31,4.1116,1.616,LCO,SNL_LCO_90SOC_a
132.0,32.113,4.11,1.408,LCO,SNL_LCO_90SOC_a
133.0,30.175,4.1119,1.505,LCO,SNL_LCO_90SOC_a
134.0,31.2,4.1071,1.47,LCO,SNL_LCO_90SOC_a
135.0,31.953,4.1131,1.45,LCO,SNL_LCO_90SOC_a
136.0,31.112,4.1072,1.568,LCO,SNL_LCO_90SOC_a
137.0,32.607,4.1073,1.426,LCO,SNL_LCO_90SOC_a
138.0,31.992,4.1093,1.515,LCO,SNL_LCO_90SOC_a
139.0,32.134,4.1083,1.518,LCO,SNL_LCO_90SOC_a
140.0,32.207,4.1077,1.54,LCO,SNL_LCO_90SOC_a
141.0,32.188,4.1076,1.476,LCO,SNL_LCO_90SOC_a
142.0,31.498,4.105,1.413,LCO,SNL_LCO_90SOC_a
143.0,32.947,4.1089,1.519,LCO,SNL_LCO_90SOC_a
144.0,31.702,4.1096,1.518,LCO,SNL_LCO_90SOC_a
145.0,31.517,4.1102,1.502,LCO,SNL_LCO_90SOC_a
146.0,33.246,4.1034,1.474,LCO,SNL_LCO_90SOC_a
147.0,33.506,4.106,1.513,LCO,SNL_LCO_90SOC_a
148.0,31.287,4.1078,1.539,LCO,SNL_LCO_90SOC_a
149.0,32.086,4.1028,1.422,LCO,SNL_LCO_90SOC_a
150.0,33.008,4.1049,1.558,LCO,SNL_LCO_90SOC_a
151.0,33.323,4.104,1.555,LCO,SNL_LCO_90SOC_a
152.0,31.063,4.1031,1.573,LCO,SNL_LCO_90SOC_a
153.0,31.908,4.1056,1.519,LCO,SNL_LCO_90SOC_a
154.0,32.641,4.1024,1.497,LCO,SNL_LCO_90SOC_a
155.0,33.785,4.1028,1.481,LCO,SNL_LCO_90SOC_a
156.0,31.392,4.1062,1.524,LCO,SNL_LCO_90SOC_a
157.0,33.271,4.1027,1.469,LCO,SNL_LCO_90SOC_a
158.0,33.054,4.1017,1.445,LCO,SNL_LCO_90SOC_a
159.0,32.101,4.1039,1.52,LCO,SNL_LCO_90SOC_a
160.0,32.925,4.1011,1.498,LCO,SNL_LCO_90SOC_a
161.0,31.976,4.1022,1.498,LCO,SNL_LCO_90SOC_a
162.0,32.398,4.1013,1.493,LCO,SNL_LCO_90SOC_a
163.0,32.393,4.1008,1.55,LCO,SNL_LCO_90SOC_a
164.0,34.514,4.1029,1.486,LCO,SNL_LCO_90SOC_a
165.0,33.74,4.0965,1.628,LCO,SNL_LCO_90SOC_a
166.0,32.688,4.0974,1.512,LCO,SNL_LCO_90SOC_a
167.0,33.16,4.1017,1.557,LCO,SNL_LCO_90SOC_a
168.0,33.344,4.0996,1.483,LCO,SNL_LCO_90SOC_a
169.0,32.748,4.1021,1.505,LCO,SNL_LCO_90SOC_a
170.0,34.402,4.0974,1.463,LCO,SNL_LCO_90SOC_a
171.0,33.166,4.098,1.468,LCO,SNL_LCO_90SOC_a
172.0,33.047,4.0931,1.653,LCO,SNL_LCO_90SOC_a
173.0,34.195,4.1006,1.406,LCO,SNL_LCO_90SOC_a
174.0,33.34,4.0952,1.521,LCO,SNL_LCO_90SOC_a
175.0,33.408,4.0955,1.418,LCO,SNL_LCO_90SOC_a
176.0,35.016,4.0982,1.501,LCO,SNL_LCO_90SOC_a
177.0,32.59,4.1,1.496,LCO,SNL_LCO_90SOC_a
178.0,33.342,4.0976,1.529,LCO,SNL_LCO_90SOC_a
179.0,33.695,4.0934,1.446,LCO,SNL_LCO_90SOC_a
180.0,33.567,4.0983,1.51,LCO,SNL_LCO_90SOC_a
181.0,33.593,4.0933,1.462,LCO,SNL_LCO_90SOC_a
182.0,33.123,4.0944,1.5,LCO,SNL_LCO_90SOC_a
183.0,33.869,4.0917,1.512,LCO,SNL_LCO_90SOC_a
184.0,34.389,4.094,1.511,LCO,SNL_LCO_90SOC_a
185.0,33.994,4.0942,1.552,LCO,SNL_LCO_90SOC_a
186.0,33.903,4.0962,1.553,LCO,SNL_LCO_90SOC_a
187.0,33.714,4.0911,1.453,LCO,SNL_LCO_90SOC_a
188.0,33.959,4.0919,1.495,LCO,SNL_LCO_90SOC_a
189.0,33.229,4.0912,1.573,LCO,SNL_LCO_90SOC_a
190.0,33.373,4.0957,1.537,LCO,SNL_LCO_90SOC_a
191.0,34.494,4.091,1.462,LCO,SNL_LCO_90SOC_a
192.0,33.498,4.0925,1.497,LCO,SNL_LCO_90SOC_a
193.0,35.893,4.0934,1.53,LCO,SNL_LCO_90SOC_a
194.0,34.792,4.0961,1.581,LCO,SNL_LCO_90SOC_a
195.0,33.77,4.091,1.521,LCO,SNL_LCO_90SOC_a
196.0,34.175,4.0886,1.43,LCO,SNL_LCO_90SOC_a
197.0,33.46,4.0905,1.448,LCO,SNL_LCO_90SOC_a
198.0,34.483,4.0886,1.567,LCO,SNL_LCO_90SOC_a
199.0,34.391,4.0888,1.49,LCO,SNL_LCO_90SOC_a
200.0,33.619,4.0916,1.494,LCO,SNL_LCO_90SOC_a
201.0,34.781,4.0926,1.522,LCO,SNL_LCO_90SOC_a
202.0,34.188,4.0883,1.51,LCO,SNL_LCO_90SOC_a
203.0,34.68,4.0874,1.601,LCO,SNL_LCO_90SOC_a
204.0,34.399,4.0895,1.493,LCO,SNL_LCO_90SOC_a
205.0,35.68,4.0924,1.462,LCO,SNL_LCO_90SOC_a
206.0,35.856,4.0897,1.415,LCO,SNL_LCO_90SOC_a
207.0,36.232,4.0898,1.465,LCO,SNL_LCO_90SOC_a
208.0,34.84,4.0875,1.517,LCO,SNL_LCO_90SOC_a
209.0,35.467,4.0859,1.51,LCO,SNL_LCO_90SOC_a
210.0,33.431,4.0904,1.511,LCO,SNL_LCO_90SOC_a
211.0,35.447,4.0896,1.485,LCO,SNL_LCO_90SOC_a
212.0,36.187,4.0839,1.38,LCO,SNL_LCO_90SOC_a
213.0,35.985,4.0865,1.429,LCO,SNL_LCO_90SOC_a
214.0,34.454,4.0852,1.428,LCO,SNL_LCO_90SOC_a
215.0,34.013,4.0866,1.473,LCO,SNL_LCO_90SOC_a
216.0,36.746,4.082,1.42,LCO,SNL_LCO_90SOC_a
217.0,35.024,4.084,1.561,LCO,SNL_LCO_90SOC_a
218.0,34.703,4.0854,1.556,LCO,SNL_LCO_90SOC_a
219.0,36.03,4.083,1.561,LCO,SNL_LCO_90SOC_a
220.0,35.191,4.0847,1.514,LCO,SNL_LCO_90SOC_a
221.0,35.632,4.0851,1.446,LCO,SNL_LCO_90SOC_a
222.0,35.439,4.0813,1.496,LCO,SNL_LCO_90SOC_a
223.0,36.033,4.0802,1.545,LCO,SNL_LCO_90SOC_a
224.0,35.249,4.0824,1.538,LCO,SNL_LCO_90SOC_a
225.0,36.295,4.0793,1.579,LCO,SNL_LCO_90SOC_a
226.0,35.614,4.0818,1.573,LCO,SNL_LCO_90SOC_a
227.0,35.471,4.0811,1.52,LCO,SNL_LCO_90SOC_a
228.0,36.05,4.0803,1.426,LCO,SNL_LCO_90SOC_a
229.0,36.334,4.0797,1.495,LCO,SNL_LCO_90SOC_a
230.0,36.127,4.0834,1.53,LCO,SNL_LCO_90SOC_a
231.0,36.625,4.0808,1.425,LCO,SNL_LCO_90SOC_a
232.0,37.04,4.0808,1.513,LCO,SNL_LCO_90SOC_a
233.0,36.539,4.0797,1.416,LCO,SNL_LCO_90SOC_a
234.0,36.287,4.079,1.523,LCO,SNL_LCO_90SOC_a
235.0,35.431,4.0806,1.541,LCO,SNL_LCO_90SOC_a
236.0,37.097,4.0766,1.494,LCO,SNL_LCO_90SOC_a
237.0,37.181,4.0746,1.399,LCO,SNL_LCO_90SOC_a
238.0,36.126,4.0789,1.471,LCO,SNL_LCO_90SOC_a
239.0,36.98,4.0788,1.45,LCO,SNL_LCO_90SOC_a
240.0,36.883,4.0815,1.474,LCO,SNL_LCO_90SOC_a
241.0,37.943,4.0795,1.59,LCO,SNL_LCO_90SOC_a
242.0,38.444,4.0763,1.425,LCO,SNL_LCO_90SOC_a
243.0,36.683,4.0792,1.534,LCO,SNL_LCO_90SOC_a
244.0,37.15,4.0763,1.421,LCO,SNL_LCO_90SOC_a
245.0,37.067,4.0784,1.608,LCO,SNL_LCO_90SOC_a
246.0,36.748,4.077,1.489,LCO,SNL_LCO_90SOC_a
247.0,37.529,4.0752,1.498,LCO,SNL_LCO_90SOC_a
248.0,37.731,4.071,1.471,LCO,SNL_LCO_90SOC_a
249.0,36.718,4.0735,1.483,LCO,SNL_LCO_90SOC_a
250.0,37.859,4.0771,1.507,LCO,SNL_LCO_90SOC_a
251.0,37.661,4.0764,1.504,LCO,SNL_LCO_90SOC_a
252.0,36.611,4.0731,1.458,LCO,SNL_LCO_90SOC_a
253.0,37.114,4.072,1.584,LCO,SNL_LCO_90SOC_a
254.0,37.774,4.0727,1.483,LCO,SNL_LCO_90SOC_a
255.0,38.108,4.0709,1.502,LCO,SNL_LCO_90SOC_a
256.0,37.169,4.074,1.438,LCO,SNL_LCO_90SOC_a
257.0,36.405,4.074,1.448,LCO,SNL_LCO_90SOC_a
258.0,37.254,4.0723,1.479,LCO,SNL_LCO_90SOC_a
259.0,37.673,4.0735,1.472,LCO,SNL_LCO_90SOC_a
260.0,36.793,4.074,1.442,LCO,SNL_LCO_90SOC_a
261.0,37.658,4.0687,1.506,LCO,SNL_LCO_90SOC_a
262.0,37.712,4.0691,1.518,LCO,SNL_LCO_90SOC_a
263.0,36.637,4.0723,1.492,LCO,SNL_LCO_90SOC_a
264.0,36.52,4.0715,1.503,LCO,SNL_LCO_90SOC_a
265.0,38.081,4.0697,1.54,LCO,SNL_LCO_90SOC_a
266.0,37.228,4.0691,1.499,LCO,SNL_LCO_90SOC_a
267.0,37.92,4.0695,1.521,LCO,SNL_LCO_90SOC_a
268.0,37.618,4.0746,1.539,LCO,SNL_LCO_90SOC_a
269.0,37.521,4.0759,1.479,LCO,SNL_LCO_90SOC_a
270.0,36.994,4.0707,1.546,LCO,SNL_LCO_90SOC_a
271.0,38.644,4.0683,1.522,LCO,SNL_LCO_90SOC_a
272.0,39.182,4.0695,1.451,LCO,SNL_LCO_90SOC_a
273.0,38.408,4.0672,1.469,LCO,SNL_LCO_90SOC_a
274.0,38.998,4.0681,1.41,LCO,SNL_LCO_90SOC_a
275.0,38.795,4.0679,1.487,LCO,SNL_LCO_90SOC_a
276.0,38.344,4.0647,1.505,LCO,SNL_LCO_90SOC_a
277.0,38.451,4.0661,1.483,LCO,SNL_LCO_90SOC_a
278.0,38.359,4.0681,1.467,LCO,SNL_LCO_90SOC_a
279.0,38.509,4.0636,1.41,LCO,SNL_LCO_90SOC_a
280.0,38.341,4.0658,1.517,LCO,SNL_LCO_90SOC_a
281.0,38.146,4.0688,1.431,LCO,SNL_LCO_90SOC_a
282.0,38.847,4.0652,1.469,LCO,SNL_LCO_90SOC_a
283.0,38.636,4.0647,1.483,LCO,SNL_LCO_90SOC_a
284.0,38.323,4.0653,1.49,LCO,SNL_LCO_90SOC_a
285.0,39.102,4.0633,1.464,LCO,SNL_LCO_90SOC_a
286.0,38.094,4.0631,1.526,LCO,SNL_LCO_90SOC_a
287.0,38.026,4.0659,1.548,LCO,SNL_LCO_90SOC_a
288.0,38.335,4.0661,1.529,LCO,SNL_LCO_90SOC_a
289.0,38.74,4.0613,1.458,LCO,SNL_LCO_90SOC_a
290.0,39.513,4.0645,1.473,LCO,SNL_LCO_90SOC_a
291.0,39.02,4.0617,1.541,LCO,SNL_LCO_90SOC_a
292.0,39.919,4.0639,1.535,LCO,SNL_LCO_90SOC_a
293.0,39.092,4.0615,1.556,LCO,SNL_LCO_90SOC_a
294.0,39.236,4.061,1.548,LCO,SNL_LCO_90SOC_a
295.0,38.125,4.0584,1.519,LCO,SNL_LCO_90SOC_a
296.0,39.148,4.0594,1.467,LCO,SNL_LCO_90SOC_a
297.0,39.21,4.0621,1.509,LCO,SNL_LCO_90SOC_a
298.0,38.753,4.0608,1.563,LCO,SNL_LCO_90SOC_a
299.0,39.73,4.0584,1.454,LCO,SNL_LCO_90SOC_a
300.0,39.163,4.0621,1.556,LCO,SNL_LCO_90SOC_a
301.0,38.974,4.0605,1.441,LCO,SNL_LCO_90SOC_a
302.0,40.663,4.0595,1.408,LCO,SNL_LCO_90SOC_a
303.0,39.341,4.0613,1.547,LCO,SNL_LCO_90SOC_a
304.0,39.886,4.0541,1.556,LCO,SNL_LCO_90SOC_a
305.0,39.967,4.0559,1.479,LCO,SNL_LCO_90SOC_a
306.0,40.323,4.0572,1.548,LCO,SNL_LCO_90SOC_a
307.0,39.404,4.056,1.505,LCO,SNL_LCO_90SOC_a
308.0,39.855,4.057,1.416,LCO,SNL_LCO_90SOC_a
309.0,39.328,4.0601,1.552,LCO,SNL_LCO_90SOC_a
310.0,39.931,4.0594,1.443,LCO,SNL_LCO_90SOC_a
311.0,39.634,4.0578,1.479,LCO,SNL_LCO_90SOC_a
312.0,39.598,4.0576,1.407,LCO,SNL_LCO_90SOC_a
313.0,40.354,4.0572,1.466,LCO,SNL_LCO_90SOC_a
314.0,39.049,4.0567,1.551,LCO,SNL_LCO_90SOC_a
315.0,39.707,4.0598,1.513,LCO,SNL_LCO_90SOC_a
316.0,39.65,4.0575,1.547,LCO,SNL_LCO_90SOC_a
317.0,39.903,4.0574,1.498,LCO,SNL_LCO_90SOC_a
318.0,39.171,4.0557,1.52,LCO,SNL_LCO_90SOC_a
319.0,41.39,4.0531,1.447,LCO,SNL_LCO_90SOC_a
320.0,41.603,4.0523,1.51,LCO,SNL_LCO_90SOC_a
321.0,40.68,4.052,1.486,LCO,SNL_LCO_90SOC_a
322.0,40.299,4.0529,1.498,LCO,SNL_LCO_90SOC_a
323.0,40.554,4.0534,1.53,LCO,SNL_LCO_90SOC_a
324.0,40.163,4.0526,1.502,LCO,SNL_LCO_90SOC_a
325.0,40.293,4.0531,1.591,LCO,SNL_LCO_90SOC_a
326.0,40.137,4.0516,1.543,LCO,SNL_LCO_90SOC_a
327.0,41.836,4.0519,1.491,LCO,SNL_LCO_90SOC_a
328.0,40.406,4.0516,1.561,LCO,SNL_LCO_90SOC_a
329.0,40.673,4.0494,1.514,LCO,SNL_LCO_90SOC_a
330.0,39.048,4.0487,1.427,LCO,SNL_LCO_90SOC_a
331.0,41.469,4.0533,1.431,LCO,SNL_LCO_90SOC_a
332.0,41.407,4.0495,1.552,LCO,SNL_LCO_90SOC_a
333.0,41.787,4.0502,1.375,LCO,SNL_LCO_90SOC_a
334.0,40.776,4.0537,1.508,LCO,SNL_LCO_90SOC_a
335.0,42.015,4.0529,1.551,LCO,SNL_LCO_90SOC_a
336.0,40.789,4.0471,1.561,LCO,SNL_LCO_90SOC_a
337.0,41.643,4.0485,1.497,LCO,SNL_LCO_90SOC_a
338.0,41.613,4.0449,1.436,LCO,SNL_LCO_90SOC_a
339.0,41.028,4.0494,1.469,LCO,SNL_LCO_90SOC_a
340.0,42.28,4.0478,1.606,LCO,SNL_LCO_90SOC_a
341.0,41.408,4.0481,1.552,LCO,SNL_LCO_90SOC_a
342.0,41.519,4.0467,1.567,LCO,SNL_LCO_90SOC_a
343.0,41.934,4.046,1.52,LCO,SNL_LCO_90SOC_a
344.0,41.188,4.0493,1.502,LCO,SNL_LCO_90SOC_a
345.0,41.615,4.0456,1.477,LCO,SNL_LCO_90SOC_a
346.0,42.553,4.0475,1.466,LCO,SNL_LCO_90SOC_a
347.0,42.08,4.0431,1.544,LCO,SNL_LCO_90SOC_a
348.0,41.561,4.0441,1.553,LCO,SNL_LCO_90SOC_a
349.0,40.441,4.0426,1.513,LCO,SNL_LCO_90SOC_a
350.0,41.751,4.0434,1.496,LCO,SNL_LCO_90SOC_a
351.0,41.544,4.0469,1.508,LCO,SNL_LCO_90SOC_a
352.0,42.383,4.0448,1.57,LCO,SNL_LCO_90SOC_a
353.0,41.881,4.0416,1.505,LCO,SNL_LCO_90SOC_a
354.0,41.47,4.0446,1.567,LCO,SNL_LCO_90SOC_a
355.0,42.05,4.0446,1.455,LCO,SNL_LCO_90SOC_a
356.0,41.553,4.0432,1.491,LCO,SNL_LCO_90SOC_a
357.0,43.219,4.0399,1.546,LCO,SNL_LCO_90SOC_a
358.0,44.147,4.0421,1.595,LCO,SNL_LCO_90SOC_a
359.0,41.824,4.0368,1.488,LCO,SNL_LCO_90SOC_a
360.0,42.847,4.0402,1.524,LCO,SNL_LCO_90SOC_a
361.0,42.975,4.0382,1.566,LCO,SNL_LCO_90SOC_a
362.0,42.216,4.0399,1.515,LCO,SNL_LCO_90SOC_a
363.0,41.539,4.0415,1.507,LCO,SNL_LCO_90SOC_a
364.0,42.856,4.0412,1.49,LCO,SNL_LCO_90SOC_a
365.0,41.508,4.0415,1.517,LCO,SNL_LCO_90SOC_a
366.0,42.451,4.0423,1.536,LCO,SNL_LCO_90SOC_a
367.0,43.562,4.0428,1.462,LCO,SNL_LCO_90SOC_a
368.0,41.978,4.0352,1.446,LCO,SNL_LCO_90SOC_a
369.0,42.79,4.0378,1.441,LCO,SNL_LCO_90SOC_a
370.0,42.157,4.0382,1.474,LCO,SNL_LCO_90SOC_a
371.0,42.028,4.0385,1.446,LCO,SNL_LCO_90SOC_a
372.0,43.004,4.0409,1.443,LCO,SNL_LCO_90SOC_a
373.0,42.909,4.0334,1.555,LCO,SNL_LCO_90SOC_a
374.0,43.486,4.0347,1.516,LCO,SNL_LCO_90SOC_a
375.0,43.237,4.0404,1.529,LCO,SNL_LCO_90SOC_a
376.0,42.598,4.0371,1.482,LCO,SNL_LCO_90SOC_a
377.0,42.988,4.039,1.54,LCO,SNL_LCO_90SOC_a
378.0,43.228,4.0375,1.52,LCO,SNL_LCO_90SOC_a
379.0,43.78,4.0366,1.461,LCO,SNL_LCO_90SOC_a
380.0,43.376,4.0368,1.532,LCO,SNL_LCO_90SOC_a
381.0,42.846,4.0381,1.468,LCO,SNL_LCO_90SOC_a
382.0,42.62,4.0358,1.619,LCO,SNL_LCO_90SOC_a
383.0,42.982,4.037,1.506,LCO,SNL_LCO_90SOC_a
384.0,43.515,4.0288,1.52,LCO,SNL_LCO_90SOC_a
385.0,43.717,4.0354,1.452,LCO,SNL_LCO_90SOC_a
386.0,43.381,4.0339,1.567,LCO,SNL_LCO_90SOC_a
387.0,43.433,4.0314,1.592,LCO,SNL_LCO_90SOC_a
388.0,42.864,4.0366,1.514,LCO,SNL_LCO_90SOC_a
389.0,43.826,4.0323,1.59,LCO,SNL_LCO_90SOC_a
390.0,44.375,4.0287,1.528,LCO,SNL_LCO_90SOC_a
391.0,43.73,4.0332,1.536,LCO,SNL_LCO_90SOC_a
392.0,42.529,4.0308,1.537,LCO,SNL_LCO_90SOC_a
393.0,43.323,4.034,1.561,LCO,SNL_LCO_90SOC_a
394.0,44.123,4.0321,1.452,LCO,SNL_LCO_90SOC_a
395.0,43.867,4.0331,1.509,LCO,SNL_LCO_90SOC_a
396.0,44.312,4.0282,1.632,LCO,SNL_LCO_90SOC_a
397.0,44.32,4.0318,1.476,LCO,SNL_LCO_90SOC_a
398.0,43.737,4.0336,1.523,LCO,SNL_LCO_90SOC_a
399.0,44.447,4.0315,1.414,LCO,SNL_LCO_90SOC_a
400.0,43.978,4.0287,1.575,LCO,SNL_LCO_90SOC_a
401.0,45.335,4.0305,1.477,LCO,SNL_LCO_90SOC_a
402.0,46.478,4.0301,1.565,LCO,SNL_LCO_90SOC_a
403.0,44.207,4.0272,1.52,LCO,SNL_LCO_90SOC_a
404.0,44.11,4.0276,1.57,LCO,SNL_LCO_90SOC_a
405.0,45.555,4.0291,1.511,LCO,SNL_LCO_90SOC_a
406.0,45.018,4.0291,1.486,LCO,SNL_LCO_90SOC_a
407.0,45.015,4.0282,1.466,LCO,SNL_LCO_90SOC_a
408.0,45.111,4.0279,1.511,LCO,SNL_LCO_90SOC_a
409.0,45.703,4.0263,1.48,LCO,SNL_LCO_90SOC_a
410.0,44.97,4.0258,1.54,LCO,SNL_LCO_90SOC_a
411.0,44.48,4.0257,1.573,LCO,SNL_LCO_90SOC_a
412.0,44.32,4.0269,1.437,LCO,SNL_LCO_90SOC_a
413.0,45.212,4.0209,1.468,LCO,SNL_LCO_90SOC_a
414.0,44.481,4.0267,1.501,LCO,SNL_LCO_90SOC_a
415.0,44.785,4.0253,1.501,LCO,SNL_LCO_90SOC_a
416.0,45.909,4.0252,1.446,LCO,SNL_LCO_90SOC_a
417.0,45.674,4.0262,1.589,LCO,SNL_LCO_90SOC_a
418.0,45.846,4.0237,1.464,LCO,SNL_LCO_90SOC_a
419.0,44.431,4.0219,1.401,LCO,SNL_LCO_90SOC_a
420.0,43.666,4.0334,1.877,LCO,SNL_LCO_90SOC_a
421.0,43.344,4.0313,2.638,LCO,SNL_LCO_90SOC_a
422.0,43.382,4.0171,3.217,LCO,SNL_LCO_90SOC_a
423.0,44.226,4.0147,4.013,LCO,SNL_LCO_90SOC_a
424.0,45.08,4.0079,4.622,LCO,SNL_LCO_90SOC_a
425.0,45.936,3.9979,5.355,LCO,SNL_LCO_90SOC_a
426.0,47.772,3.9877,5.871,LCO,SNL_LCO_90SOC_a
427.0,47.922,3.9879,6.476,LCO,SNL_LCO_90SOC_a
428.0,47.288,3.9678,6.711,LCO,SNL_LCO_90SOC_a
429.0,48.698,3.9502,6.936,LCO,SNL_LCO_90SOC_a
430.0,50.196,3.9309,7.469,LCO,SNL_LCO_90SOC_a
431.0,51.528,3.9042,7.968,LCO,SNL_LCO_90SOC_a
432.0,53.023,3.8673,8.506,LCO,SNL_LCO_90SOC_a
433.0,54.224,3.856,9.375,LCO,SNL_LCO_90SOC_a
434.0,55.567,3.8278,9.683,LCO,SNL_LCO_90SOC_a
435.0,57.399,3.8208,10.051,LCO,SNL_LCO_90SOC_a
436.0,59.167,3.7965,10.621,LCO,SNL_LCO_90SOC_a
437.0,62.193,3.7548,11.286,LCO,SNL_LCO_90SOC_a
438.0,65.15,3.7371,12.227,LCO,SNL_LCO_90SOC_a
439.0,69.106,3.704,13.103,LCO,SNL_LCO_90SOC_a
440.0,69.837,3.6554,13.607,LCO,SNL_LCO_90SOC_a
441.0,73.205,3.6267,14.217,LCO,SNL_LCO_90SOC_a
442.0,76.038,3.5859,14.71,LCO,SNL_LCO_90SOC_a
443.0,80.252,3.5397,15.03,LCO,SNL_LCO_90SOC_a
444.0,84.104,3.491,15.639,LCO,SNL_LCO_90SOC_a
445.0,89.646,3.448,16.278,LCO,SNL_LCO_90SOC_a
446.0,95.411,3.4261,16.736,LCO,SNL_LCO_90SOC_a
447.0,101.775,3.3915,17.357,LCO,SNL_LCO_90SOC_a
448.0,107.537,3.332,17.898,LCO,SNL_LCO_90SOC_a
449.0,113.151,3.2796,18.548,LCO,SNL_LCO_90SOC_a
450.0,135.327,3.1562,20.048,LCO,SNL_LCO_90SOC_a
451.0,157.838,2.913,21.548,LCO,SNL_LCO_90SOC_a
452.0,179.096,2.6871,23.048,LCO,SNL_LCO_90SOC_a
453.0,202.334,2.5622,24.548,LCO,SNL_LCO_90SOC_a
454.0,225.597,2.3728,26.048,LCO,SNL_LCO_90SOC_a
455.0,248.841,2.1993,27.548,LCO,SNL_LCO_90SOC_a
456.0,269.314,2.0864,29.048,LCO,SNL_LCO_90SOC_a
457.0,293.7,1.9839,30.0,LCO,SNL_LCO_90SOC_a
458.0,315.234,1.8929,30.0,LCO,SNL_LCO_90SOC_a
459.0,336.996,1.7755,30.0,LCO,SNL_LCO_90SOC_a
460.0,358.725,1.6143,30.0,LCO,SNL_LCO_90SOC_a
461.0,376.632,1.4492,30.0,LCO,SNL_LCO_90SOC_a
462.0,399.564,1.2787,30.0,LCO,SNL_LCO_90SOC_a
463.0,425.827,1.0706,30.0,LCO,SNL_LCO_90SOC_a
464.0,430.0,0.8754,30.0,LCO,SNL_LCO_90SOC_a
465.0,430.0,0.7769,30.0,LCO,SNL_LCO_90SOC_a
466.0,430.0,0.5919,30.0,LCO,SNL_LCO_90SOC_a
467.0,430.0,0.384,30.0,LCO,SNL_LCO_90SOC_a
468.0,430.0,0.2901,30.0,LCO,SNL_LCO_90SOC_a
469.0,430.0,0.0703,30.0,LCO,SNL_LCO_90SOC_a
470.0,430.0,0.0,30.0,LCO,SNL_LCO_90SOC_a
471.0,430.0,0.0,30.0,LCO,SNL_LCO_90SOC_a
472.0,430.0,0.0,30.0,LCO,SNL_LCO_90SOC_a
473.0,430.0,0.0,30.0,LCO,SNL_LCO_90SOC_a
474.0,430.0,0.0,30.0,LCO,SNL_LCO_90SOC_a
475.0,430.0,0.0,30.0,LCO,SNL_LCO_90SOC_a
476.0,430.0,0.0,30.0,LCO,SNL_LCO_90SOC_a
477.0,430.0,0.0,30.0,LCO,SNL_LCO_90SOC_a
478.0,430.0,0.0,30.0,LCO,SNL_LCO_90SOC_a
479.0,430.0,0.0,30.0,LCO,SNL_LCO_90SOC_a
480.0,454.102,0.0006,0.0,LCO,SNL_LCO_90SOC_a
481.0,448.504,0.001,0.0,LCO,SNL_LCO_90SOC_a
482.0,444.472,0.0008,0.0,LCO,SNL_LCO_90SOC_a
483.0,446.084,0.0014,0.0,LCO,SNL_LCO_90SOC_a
484.0,439.51,0.0002,0.0,LCO,SNL_LCO_90SOC_a
485.0,437.106,0.0004,0.0,LCO,SNL_LCO_90SOC_a
486.0,431.8,0.0004,0.0,LCO,SNL_LCO_90SOC_a
487.0,432.049,0.0001,0.0,LCO,SNL_LCO_90SOC_a
488.0,429.13,0.0003,0.0,LCO,SNL_LCO_90SOC_a
489.0,424.316,0.0,0.0,LCO,SNL_LCO_90SOC_a
490.0,422.14,0.0,0.0,LCO,SNL_LCO_90SOC_a
491.0,417.91,0.0005,0.0,LCO,SNL_LCO_90SOC_a
492.0,417.766,0.0004,0.0,LCO,SNL_LCO_90SOC_a
493.0,413.358,0.0,0.0,LCO,SNL_LCO_90SOC_a
494.0,409.807,0.0,0.0,LCO,SNL_LCO_90SOC_a
495.0,408.22,0.0,0.0,LCO,SNL_LCO_90SOC_a
496.0,402.974,0.0011,0.0,LCO,SNL_LCO_90SOC_a
497.0,400.184,0.0,0.0,LCO,SNL_LCO_90SOC_a
498.0,401.159,0.0,0.0,LCO,SNL_LCO_90SOC_a
499.0,394.268,0.0003,0.0,LCO,SNL_LCO_90SOC_a
500.0,391.823,0.0002,0.0,LCO,SNL_LCO_90SOC_a
501.0,388.225,0.0,0.0,LCO,SNL_LCO_90SOC_a
502.0,383.932,0.0022,0.0,LCO,SNL_LCO_90SOC_a
503.0,382.402,0.0027,0.0,LCO,SNL_LCO_90SOC_a
504.0,379.38,0.0024,0.0,LCO,SNL_LCO_90SOC_a
505.0,376.371,0.0008,0.0,LCO,SNL_LCO_90SOC_a
506.0,374.008,0.0004,0.0,LCO,SNL_LCO_90SOC_a
507.0,373.223,0.0,0.0,LCO,SNL_LCO_90SOC_a
508.0,367.84,0.0,0.0,LCO,SNL_LCO_90SOC_a
509.0,368.131,0.0,0.0,LCO,SNL_LCO_90SOC_a
510.0,364.093,0.001,0.0,LCO,SNL_LCO_90SOC_a
511.0,360.336,0.0,0.0,LCO,SNL_LCO_90SOC_a
512.0,355.835,0.0009,0.0,LCO,SNL_LCO_90SOC_a
513.0,353.338,0.0013,0.0,LCO,SNL_LCO_90SOC_a
514.0,352.769,0.0016,0.0,LCO,SNL_LCO_90SOC_a
515.0,350.694,0.0007,0.0,LCO,SNL_LCO_90SOC_a
516.0,345.934,0.0014,0.0,LCO,SNL_LCO_90SOC_a
517.0,343.885,0.0,0.0,LCO,SNL_LCO_90SOC_a
518.0,343.253,0.0,0.0,LCO,SNL_LCO_90SOC_a
519.0,340.453,0.0014,0.0,LCO,SNL_LCO_90SOC_a
520.0,337.269,0.0024,0.0,LCO,SNL_LCO_90SOC_a
521.0,334.987,0.004,0.0,LCO,SNL_LCO_90SOC_a
522.0,330.695,0.004,0.0,LCO,SNL_LCO_90SOC_a
523.0,330.849,0.0038,0.0,LCO,SNL_LCO_90SOC_a
524.0,329.139,0.0033,0.0,LCO,SNL_LCO_90SOC_a
525.0,328.105,0.0055,0.0,LCO,SNL_LCO_90SOC_a
526.0,323.033,0.006,0.0,LCO,SNL_LCO_90SOC_a
527.0,322.027,0.0048,0.0,LCO,SNL_LCO_90SOC_a
528.0,315.919,0.0061,0.0,LCO,SNL_LCO_90SOC_a
529.0,315.964,0.0059,0.0,LCO,SNL_LCO_90SOC_a
530.0,313.254,0.0035,0.0,LCO,SNL_LCO_90SOC_a
531.0,310.655,0.0027,0.0,LCO,SNL_LCO_90SOC_a
532.0,310.04,0.0037,0.0,LCO,SNL_LCO_90SOC_a
533.0,307.267,0.0041,0.0,LCO,SNL_LCO_90SOC_a
534.0,301.914,0.0047,0.0,LCO,SNL_LCO_90SOC_a
535.0,302.88,0.006,0.0,LCO,SNL_LCO_90SOC_a
536.0,302.906,0.0043,0.0,LCO,SNL_LCO_90SOC_a
537.0,296.957,0.0035,0.0,LCO,SNL_LCO_90SOC_a
538.0,295.627,0.0035,0.0,LCO,SNL_LCO_90SOC_a
539.0,292.863,0.0046,0.0,LCO,SNL_LCO_90SOC_a
540.0,289.425,0.0035,0.0,LCO,SNL_LCO_90SOC_a
541.0,287.42,0.0032,0.0,LCO,SNL_LCO_90SOC_a
542.0,285.011,0.0031,0.0,LCO,SNL_LCO_90SOC_a
543.0,284.519,0.0023,0.0,LCO,SNL_LCO_90SOC_a
544.0,284.008,0.0023,0.0,LCO,SNL_LCO_90SOC_a
545.0,282.238,0.0021,0.0,LCO,SNL_LCO_90SOC_a
546.0,278.571,0.0015,0.0,LCO,SNL_LCO_90SOC_a
547.0,276.576,0.0022,0.0,LCO,SNL_LCO_90SOC_a
548.0,273.964,0.0027,0.0,LCO,SNL_LCO_90SOC_a
549.0,271.374,0.0035,0.0,LCO,SNL_LCO_90SOC_a
550.0,269.75,0.0043,0.0,LCO,SNL_LCO_90SOC_a
551.0,268.754,0.0059,0.0,LCO,SNL_LCO_90SOC_a
552.0,264.99,0.0044,0.0,LCO,SNL_LCO_90SOC_a
553.0,263.871,0.003,0.0,LCO,SNL_LCO_90SOC_a
554.0,260.81,0.0036,0.0,LCO,SNL_LCO_90SOC_a
555.0,260.983,0.0031,0.0,LCO,SNL_LCO_90SOC_a
556.0,258.528,0.0025,0.0,LCO,SNL_LCO_90SOC_a
557.0,259.719,0.0018,0.0,LCO,SNL_LCO_90SOC_a
558.0,253.409,0.0026,0.0,LCO,SNL_LCO_90SOC_a
559.0,253.233,0.0046,0.0,LCO,SNL_LCO_90SOC_a
560.0,250.946,0.0055,0.0,LCO,SNL_LCO_90SOC_a
561.0,251.552,0.005,0.0,LCO,SNL_LCO_90SOC_a
562.0,247.022,0.0057,0.0,LCO,SNL_LCO_90SOC_a
563.0,247.221,0.0043,0.0,LCO,SNL_LCO_90SOC_a
564.0,242.902,0.0018,0.0,LCO,SNL_LCO_90SOC_a
565.0,243.738,0.0015,0.0,LCO,SNL_LCO_90SOC_a
566.0,240.866,0.0,0.0,LCO,SNL_LCO_90SOC_a
567.0,237.74,0.0,0.0,LCO,SNL_LCO_90SOC_a
568.0,236.671,0.0001,0.0,LCO,SNL_LCO_90SOC_a
569.0,236.86,0.0024,0.0,LCO,SNL_LCO_90SOC_a
570.0,234.273,0.0035,0.0,LCO,SNL_LCO_90SOC_a
571.0,231.391,0.0018,0.0,LCO,SNL_LCO_90SOC_a
572.0,230.453,0.0002,0.0,LCO,SNL_LCO_90SOC_a
573.0,229.362,0.0,0.0,LCO,SNL_LCO_90SOC_a
574.0,224.78,0.0017,0.0,LCO,SNL_LCO_90SOC_a
575.0,225.29,0.0001,0.0,LCO,SNL_LCO_90SOC_a
576.0,225.841,0.0,0.0,LCO,SNL_LCO_90SOC_a
577.0,224.54,0.0,0.0,LCO,SNL_LCO_90SOC_a
578.0,220.516,0.0003,0.0,LCO,SNL_LCO_90SOC_a
579.0,220.653,0.0011,0.0,LCO,SNL_LCO_90SOC_a
580.0,218.077,0.0016,0.0,LCO,SNL_LCO_90SOC_a
581.0,217.79,0.0018,0.0,LCO,SNL_LCO_90SOC_a
582.0,214.931,0.0004,0.0,LCO,SNL_LCO_90SOC_a
583.0,214.528,0.0004,0.0,LCO,SNL_LCO_90SOC_a
584.0,211.506,0.0017,0.0,LCO,SNL_LCO_90SOC_a
585.0,208.494,0.0034,0.0,LCO,SNL_LCO_90SOC_a
586.0,209.123,0.0037,0.0,LCO,SNL_LCO_90SOC_a
587.0,207.096,0.002,0.0,LCO,SNL_LCO_90SOC_a
588.0,206.024,0.0023,0.0,LCO,SNL_LCO_90SOC_a
589.0,205.804,0.0021,0.0,LCO,SNL_LCO_90SOC_a
590.0,200.068,0.0006,0.0,LCO,SNL_LCO_90SOC_a
591.0,205.014,0.0,0.0,LCO,SNL_LCO_90SOC_a
592.0,202.666,0.0,0.0,LCO,SNL_LCO_90SOC_a
593.0,198.853,0.0006,0.0,LCO,SNL_LCO_90SOC_a
594.0,196.509,0.0022,0.0,LCO,SNL_LCO_90SOC_a
595.0,196.477,0.0027,0.0,LCO,SNL_LCO_90SOC_a
596.0,194.596,0.0033,0.0,LCO,SNL_LCO_90SOC_a
597.0,196.011,0.0032,0.0,LCO,SNL_LCO_90SOC_a
598.0,194.894,0.0026,0.0,LCO,SNL_LCO_90SOC_a
599.0,192.113,0.0031,0.0,LCO,SNL_LCO_90SOC_a
600.0,188.041,0.0033,0.0,LCO,SNL_LCO_90SOC_a
601.0,188.343,0.0024,0.0,LCO,SNL_LCO_90SOC_a
602.0,187.568,0.0026,0.0,LCO,SNL_LCO_90SOC_a
603.0,185.631,0.0025,0.0,LCO,SNL_LCO_90SOC_a
604.0,184.324,0.0022,0.0,LCO,SNL_LCO_90SOC_a
605.0,183.398,0.0015,0.0,LCO,SNL_LCO_90SOC_a
606.0,185.913,0.0001,0.0,LCO,SNL_LCO_90SOC_a
607.0,179.8,0.0,0.0,LCO,SNL_LCO_90SOC_a
608.0,182.498,0.0,0.0,LCO,SNL_LCO_90SOC_a
609.0,178.845,0.0002,0.0,LCO,SNL_LCO_90SOC_a
610.0,177.486,0.0015,0.0,LCO,SNL_LCO_90SOC_a
611.0,177.598,0.001,0.0,LCO,SNL_LCO_90SOC_a
612.0,174.864,0.0,0.0,LCO,SNL_LCO_90SOC_a
613.0,173.53,0.0,0.0,LCO,SNL_LCO_90SOC_a
614.0,171.919,0.0,0.0,LCO,SNL_LCO_90SOC_a
615.0,171.633,0.0,0.0,LCO,SNL_LCO_90SOC_a
616.0,170.085,0.0,0.0,LCO,SNL_LCO_90SOC_a
617.0,167.434,0.0012,0.0,LCO,SNL_LCO_90SOC_a
618.0,168.445,0.0023,0.0,LCO,SNL_LCO_90SOC_a
619.0,168.767,0.0015,0.0,LCO,SNL_LCO_90SOC_a
